station_id,station_name,avg_local_pressure_hpa,avg_sea_pressure_hpa,avg_temp_c,temp_normal_diff_c,avg_high_temp_c,max_temp_c,max_temp_day,avg_low_temp_c,min_temp_c,min_temp_day,days_max_ge_25c,days_min_lt_0c,avg_surface_min_temp_c,avg_humidity_pct,avg_cloud_tenths,ground_temp_0_5m_c,sunshine_hours,sunshine_pct,precipitation_total_mm,precip_normal_diff_mm,max_daily_precip_mm,max_daily_precip_day,days_precip_ge_0_1mm,days_precip_ge_1mm,days_precip_ge_10mm,days_precip_ge_30mm,total_evaporation_mm,avg_wind_ms,max_wind_ms,max_wind_direction,max_wind_day,days_cloud_lt_2_5,days_cloud_ge_7_5,phenomenon_dust_days,phenomenon_fog_days,phenomenon_storm_days,phenomenon_thunder_days,phenomenon_snow_days,phenomenon_frost_days,phenomenon_ice_days,STRD_YYMM,SIDO_NM,CCG_NM,mapping_method,scope_warning
90,속초,1018.1,1020.4,-0.6,-0.7,3.5,12.3,15,-5.2,-10.5,22,0,29,-9.6,33.0,2.3,,239.4,78.4,3.2,-40.3,1.8,19,4,1,0,0,,3.2,12.0,W,10,20,1,0,,0,,,,,202601,강원특별자치도,속초시,지점명-시군구명 유일 직접연결,관측지점 값은 시군구 전체 평균이 아님
93,북춘천,1012.4,1024.8,-6.5,,-0.5,6.6,16,-12.6,-18.2,22,0,31,-14.1,60.0,2.8,0.2,220.9,72.1,15.6,,5.5,10,5,5,0,0,,1.1,10.3,WSW,10,18,2,2,,0,,,,,202601,강원특별자치도,춘천시,지점명-시군구명 유일 직접연결,관측지점 값은 시군구 전체 평균이 아님
95,철원,1005.4,1025.6,-7.0,-1.3,-1.0,8.0,16,-13.4,-19.2,21,0,31,-13.3,64.0,4.2,,196.6,64.3,9.1,-9.1,2.8,12,7,3,0,0,,1.0,6.2,WNW,10,12,6,1,,0,,,,,202601,강원특별자치도,철원군,지점명-시군구명 유일 직접연결,관측지점 값은 시군구 전체 평균이 아님
98,동두천,1010.2,1025.2,-5.3,-1.5,0.5,9.5,16,-10.6,-15.7,21,0,31,-15.0,53.0,3.3,,204.2,66.6,6.6,-11.8,2.9,12,5,3,0,0,,1.4,10.2,WSW,10,16,3,1,,0,,,,,202601,경기도,동두천시,지점명-시군구명 유일 직접연결,관측지점 값은 시군구 전체 평균이 아님
99,파주,1021.9,1025.9,-6.3,-1.7,-0.5,8.3,15,-12.5,-18.2,23,0,31,-14.6,59.0,3.2,,208.8,68.1,6.5,-10.9,4.1,12,5,2,0,0,,1.3,7.4,WNW,10,15,3,1,,0,,,,,202601,경기도,파주시,지점명-시군구명 유일 직접연결,관측지점 값은 시군구 전체 평균이 아님
100,대관령,926.5,1022.4,-7.8,-0.9,-2.3,7.0,16,-13.5,-20.2,2,0,31,-16.9,57.0,3.4,,230.4,75.0,7.4,-45.7,5.4,10,3,2,0,0,,4.6,15.1,W,13,13,4,1,,1,,,,,202601,강원특별자치도,평창군,공식 지점명 기반 수동 위치연결,관측지점 값은 시군구 전체 평균이 아님
101,춘천,1013.8,1023.6,-5.4,-1.3,0.7,7.3,17,-11.6,-17.3,22,0,31,-16.5,60.0,,1.7,188.3,61.4,12.2,-6.4,4.6,10,5,5,0,0,,1.5,11.8,SW,10,16,5,2,,0,,,,,202601,강원특별자치도,춘천시,지점명-시군구명 유일 직접연결,관측지점 값은 시군구 전체 평균이 아님
102,백령도,1019.4,1024.1,-1.8,-0.5,1.1,8.4,9,-4.3,-9.1,20,0,30,-7.7,59.0,5.0,,141.9,46.4,0.7,-12.6,0.4,3,2,0,0,0,,4.8,11.5,NNW,19,8,6,1,0.0,0,0.0,15.0,7.0,30.0,202601,인천광역시,옹진군,공식 지점명 기반 수동 위치연결,관측지점 값은 시군구 전체 평균이 아님
104,북강릉,1009.7,1019.2,-1.1,,4.0,13.7,15,-6.2,-11.0,22,0,29,-12.2,39.0,1.9,0.2,244.2,79.6,3.7,,2.8,10,5,1,0,0,,2.4,11.7,W,11,22,1,1,0.0,0,0.0,3.0,3.0,31.0,202601,강원특별자치도,강릉시,지점명-시군구명 유일 직접연결,관측지점 값은 시군구 전체 평균이 아님
105,강릉,1017.1,1020.6,0.2,-0.7,4.7,14.6,15,-4.0,-9.8,22,0,28,-9.2,35.0,,1.0,243.0,79.2,3.7,-44.2,3.1,10,4,1,0,0,,3.0,8.8,WSW,10,21,0,1,,0,,,,,202601,강원특별자치도,강릉시,지점명-시군구명 유일 직접연결,관측지점 값은 시군구 전체 평균이 아님
106,동해,1015.5,1020.6,0.4,-0.7,4.9,15.4,15,-4.0,-8.4,22,0,29,-10.2,34.0,2.0,,236.2,76.8,10.6,-35.8,10.6,10,1,1,1,0,,3.3,12.9,WSW,10,21,0,0,,0,,,,,202601,강원특별자치도,동해시,지점명-시군구명 유일 직접연결,관측지점 값은 시군구 전체 평균이 아님
114,원주,1005.5,1024.7,-4.2,-1.1,0.8,8.6,15,-9.2,-13.8,22,0,31,-15.5,54.0,3.5,,212.6,69.0,9.6,-8.4,6.5,10,6,2,0,0,,1.5,8.4,W,10,14,3,1,,0,,,,,202601,강원특별자치도,원주시,지점명-시군구명 유일 직접연결,관측지점 값은 시군구 전체 평균이 아님
115,울릉도,991.5,1019.0,1.4,-0.3,4.2,14.0,15,-1.1,-4.9,11,0,21,-4.7,66.0,6.4,6.0,109.1,35.5,103.6,-13.8,22.4,1,16,16,4,0,,3.5,14.8,W,10,1,13,0,0.0,1,0.0,25.0,0.0,26.0,202601,경상북도,울릉군,공식 지점명 기반 수동 위치연결,관측지점 값은 시군구 전체 평균이 아님
121,영월,993.7,1024.5,-5.0,-1.4,1.1,8.4,16,-10.8,-15.7,3,0,31,-13.5,59.0,3.2,,212.1,68.8,15.2,-3.9,11.3,10,7,2,1,0,,1.6,9.6,W,13,15,4,0,,0,,,,,202601,강원특별자치도,영월군,지점명-시군구명 유일 직접연결,관측지점 값은 시군구 전체 평균이 아님
127,충주,1009.5,1024.3,-4.2,-1.0,1.4,10.8,15,-9.9,-14.2,12,0,31,-11.3,55.0,3.2,,200.5,64.9,7.9,-12.1,5.2,10,5,2,0,0,,1.5,8.6,SW,10,16,3,0,,0,,,,,202601,충청북도,충주시,지점명-시군구명 유일 직접연결,관측지점 값은 시군구 전체 평균이 아님
129,서산,1021.9,1025.1,-2.6,-1.0,1.9,11.9,16,-7.5,-11.3,31,0,31,-10.7,64.0,,2.6,202.0,65.3,2.4,-21.1,1.2,19,6,1,0,0,,2.3,11.4,WNW,10,10,3,0,,0,,,,,202601,충청남도,서산시,지점명-시군구명 유일 직접연결,관측지점 값은 시군구 전체 평균이 아님
130,울진,1014.4,1020.7,0.5,-0.9,5.9,15.8,15,-4.4,-9.6,22,0,28,-8.2,36.0,2.0,,258.2,83.6,0.6,-48.3,0.5,10,2,0,0,0,,2.8,10.1,W,10,20,1,0,,0,,,,,202601,경상북도,울진군,지점명-시군구명 유일 직접연결,관측지점 값은 시군구 전체 평균이 아님
135,추풍령,993.0,1024.0,-2.6,-0.9,2.4,14.6,15,-7.5,-13.5,26,0,30,-9.6,50.0,3.3,,239.9,77.2,2.7,-21.4,1.4,10,5,1,0,0,,4.1,11.8,W,10,11,4,0,,0,,,,,202601,충청북도,영동군,공식 지점명 기반 수동 위치연결,관측지점 값은 시군구 전체 평균이 아님
136,안동,1006.2,1024.3,-2.6,-0.8,3.3,12.1,16,-8.1,-13.2,3,0,31,-11.0,44.0,2.4,,246.4,79.6,1.4,-15.3,0.7,24,2,0,0,0,,2.2,9.4,WNW,10,19,0,0,0.0,0,0.0,6.0,18.0,31.0,202601,경상북도,안동시,지점명-시군구명 유일 직접연결,관측지점 값은 시군구 전체 평균이 아님
137,상주,1010.8,1023.1,-1.7,-0.8,3.5,13.1,15,-6.4,-11.7,22,0,30,-8.5,47.0,2.5,,238.4,76.9,2.3,-19.4,1.1,10,4,1,0,0,,2.5,8.5,W,10,19,4,0,,0,,,,,202601,경상북도,상주시,지점명-시군구명 유일 직접연결,관측지점 값은 시군구 전체 평균이 아님
140,군산,1022.2,1025.8,-1.4,-1.3,3.4,11.9,15,-6.1,-9.9,22,0,29,-10.5,67.0,4.3,,190.4,61.2,1.1,-27.1,0.5,24,4,0,0,0,,2.8,15.1,WSW,10,7,4,0,,1,,,,,202601,전북특별자치도,군산시,지점명-시군구명 유일 직접연결,관측지점 값은 시군구 전체 평균이 아님
156,광주,1015.1,1024.0,0.5,-0.5,5.5,15.9,15,-3.8,-7.8,22,0,29,-9.3,59.0,4.1,,185.8,59.3,4.1,-28.5,1.5,2,6,1,0,0,,1.7,8.3,SW,10,4,3,0,3.0,0,0.0,11.0,9.0,27.0,202601,경기도,광주시,지점명-시군구명 유일 직접연결,관측지점 값은 시군구 전체 평균이 아님
162,통영,1018.0,1021.9,2.6,-0.5,8.2,17.1,15,-1.9,-6.5,22,0,23,-6.2,42.0,2.1,,247.6,78.9,0.0,-32.2,0.0,15,0,0,0,0,,2.9,10.7,WSW,10,18,0,0,,0,,,,,202601,경상남도,통영시,지점명-시군구명 유일 직접연결,관측지점 값은 시군구 전체 평균이 아님
165,목포,1019.3,1025.0,0.8,-1.0,4.2,14.2,15,-2.6,-6.8,22,0,27,-5.5,73.0,5.0,5.2,169.6,54.0,18.9,-12.9,12.8,11,7,2,1,0,,4.9,14.8,N,19,3,5,1,1.0,1,0.0,11.0,5.0,27.0,202601,전라남도,목포시,지점명-시군구명 유일 직접연결,관측지점 값은 시군구 전체 평균이 아님
168,여수,1015.1,1023.5,1.8,-1.0,6.6,16.8,15,-1.6,-6.8,22,0,23,-4.5,45.0,2.5,5.2,226.8,74.6,0.0,-24.5,0.0,15,0,0,0,0,,5.3,17.2,NNW,21,17,0,0,0.0,1,0.0,2.0,2.0,26.0,202601,전라남도,여수시,지점명-시군구명 유일 직접연결,관측지점 값은 시군구 전체 평균이 아님
169,흑산도,1015.4,1024.9,3.5,0.1,6.3,14.1,15,0.9,-2.5,22,0,9,0.1,66.0,6.3,,127.9,40.7,3.6,-19.4,1.3,11,7,1,0,0,,8.5,19.5,NNW,19,3,14,2,0.0,14,0.0,10.0,1.0,16.0,202601,전라남도,신안군,공식 지점명 기반 수동 위치연결,관측지점 값은 시군구 전체 평균이 아님
170,완도,1020.1,1024.5,2.3,-0.4,7.3,16.9,15,-2.1,-5.4,26,0,24,-4.9,62.0,4.2,,180.3,57.2,3.7,-30.3,3.2,11,3,1,0,0,,3.0,11.8,WNW,10,7,1,0,,0,,,,,202601,전라남도,완도군,지점명-시군구명 유일 직접연결,관측지점 값은 시군구 전체 평균이 아님
172,고창,1018.1,1024.8,-0.8,-0.8,4.1,14.4,16,-5.6,-9.2,22,0,30,-7.3,70.0,5.4,,173.4,55.5,12.5,-18.6,5.9,2,9,3,0,0,,3.2,13.3,W,10,3,8,0,,0,,,,,202601,전북특별자치도,고창군,지점명-시군구명 유일 직접연결,관측지점 값은 시군구 전체 평균이 아님
174,순천,1001.7,1022.5,-0.6,,5.1,17.7,15,-5.5,-11.2,26,0,30,-8.1,52.0,3.5,,215.9,68.8,2.6,,1.5,11,5,1,0,0,,3.0,9.0,WNW,10,10,2,0,,0,,,,,202601,전라남도,순천시,지점명-시군구명 유일 직접연결,관측지점 값은 시군구 전체 평균이 아님
177,홍성,1020.6,1024.2,-2.4,,2.7,11.2,15,-7.8,-12.3,31,0,31,-10.3,64.0,4.0,,203.3,65.7,2.9,,1.2,19,6,1,0,0,,2.0,9.5,W,10,11,3,0,,0,,,,,202601,충청남도,홍성군,지점명-시군구명 유일 직접연결,관측지점 값은 시군구 전체 평균이 아님
184,제주,1021.6,1024.2,5.9,-0.2,8.9,18.5,15,3.0,-0.2,2,0,1,-1.0,56.0,6.2,9.2,110.5,34.8,6.7,-60.8,4.0,2,7,2,0,0,,4.3,12.3,N,2,2,11,4,0.0,0,0.0,8.0,1.0,5.0,202601,제주특별자치도,제주시,지점명-시군구명 유일 직접연결,관측지점 값은 시군구 전체 평균이 아님
185,고산,1014.9,1023.7,6.0,-0.1,8.4,17.8,15,3.4,-0.3,2,0,1,1.2,64.0,5.9,,113.3,35.7,6.5,-34.1,3.1,26,7,2,0,0,,10.8,29.6,NW,11,4,12,1,,20,,,,,202601,제주특별자치도,제주시,공식 지점명 기반 수동 위치연결,관측지점 값은 시군구 전체 평균이 아님
188,성산,1021.5,1024.0,5.1,-0.3,8.8,19.2,15,1.1,-3.4,25,0,10,-1.7,61.0,4.9,,155.3,49.0,14.7,-62.8,7.8,2,7,2,0,0,,3.3,10.9,SW,15,5,6,0,,0,,,,,202601,제주특별자치도,서귀포시,공식 지점명 기반 수동 위치연결,관측지점 값은 시군구 전체 평균이 아님
189,서귀포,1016.7,1023.2,7.4,0.2,11.8,18.8,15,3.6,-0.1,11,0,1,-0.7,57.0,4.6,,182.4,57.4,9.5,-51.2,4.6,26,4,2,0,0,,2.1,8.1,SW,12,7,3,1,0.0,0,0.0,6.0,1.0,10.0,202601,제주특별자치도,서귀포시,지점명-시군구명 유일 직접연결,관측지점 값은 시군구 전체 평균이 아님
192,진주,1019.3,1023.1,0.2,-0.1,7.4,18.4,15,-6.4,-10.6,3,0,30,-10.1,47.0,2.5,,237.2,75.7,0.0,-28.0,0.0,15,0,0,0,0,,1.0,7.4,W,10,19,2,0,,0,,,,,202601,경상남도,진주시,지점명-시군구명 유일 직접연결,관측지점 값은 시군구 전체 평균이 아님
201,강화,1019.5,1025.7,-4.7,-1.5,0.2,8.2,10,-10.2,-14.4,21,0,31,-14.4,56.0,2.6,,210.0,68.4,5.6,-10.0,4.9,12,3,1,0,0,,1.8,9.9,SW,10,17,1,1,,0,,,,,202601,인천광역시,강화군,지점명-시군구명 유일 직접연결,관측지점 값은 시군구 전체 평균이 아님
202,양평,1018.8,1024.9,-3.8,-0.4,0.9,8.0,10,-8.5,-13.4,23,0,31,-11.8,52.0,3.1,,200.3,65.2,7.2,-10.0,2.4,12,6,4,0,0,,1.5,8.3,W,10,15,3,1,,0,,,,,202601,경기도,양평군,지점명-시군구명 유일 직접연결,관측지점 값은 시군구 전체 평균이 아님
203,이천,1014.9,1025.2,-3.8,-0.7,1.7,10.7,15,-9.1,-14.4,23,0,31,-11.7,55.0,3.5,,190.8,61.9,5.3,-13.9,1.7,10,5,3,0,0,,1.2,7.9,WSW,10,13,4,0,,0,,,,,202601,경기도,이천시,지점명-시군구명 유일 직접연결,관측지점 값은 시군구 전체 평균이 아님
211,인제,997.4,1023.4,-5.8,-1.1,-0.3,7.7,16,-11.8,-17.3,23,0,31,-15.2,59.0,3.6,,174.1,56.9,13.7,-2.9,4.3,10,9,5,0,0,,1.4,8.1,SSW,10,14,6,2,,0,,,,,202601,강원특별자치도,인제군,지점명-시군구명 유일 직접연결,관측지점 값은 시군구 전체 평균이 아님
212,홍천,1006.8,1024.9,-5.3,-0.5,0.4,8.0,16,-10.8,-15.9,22,0,31,-13.2,51.0,3.6,,158.0,51.5,8.0,-7.8,3.0,10,6,4,0,0,,1.1,6.5,WSW,10,13,5,1,,0,,,,,202601,강원특별자치도,홍천군,지점명-시군구명 유일 직접연결,관측지점 값은 시군구 전체 평균이 아님
216,태백,933.6,1021.8,-5.4,-0.7,0.1,10.0,16,-10.7,-16.1,2,0,30,-13.7,45.0,3.7,,168.6,54.7,14.1,-12.5,10.7,10,7,2,1,0,,1.6,5.8,SSW,10,11,4,0,,0,,,,,202601,강원특별자치도,태백시,지점명-시군구명 유일 직접연결,관측지점 값은 시군구 전체 평균이 아님
217,정선군,984.0,1023.8,-5.2,-1.2,0.8,9.9,16,-10.8,-16.3,2,0,31,-12.7,51.0,3.4,,183.4,59.6,25.9,8.4,17.2,10,7,4,1,0,,1.8,7.7,S,10,12,4,0,,0,,,,,202601,강원특별자치도,정선군,지점명-시군구명 유일 직접연결,관측지점 값은 시군구 전체 평균이 아님
221,제천,990.3,1024.2,-5.4,-0.6,0.1,8.6,16,-11.3,-15.8,25,0,31,-13.8,60.0,3.6,,220.3,71.4,12.8,-7.5,9.1,10,8,2,0,0,,1.9,11.1,WSW,10,14,5,0,,0,,,,,202601,충청북도,제천시,지점명-시군구명 유일 직접연결,관측지점 값은 시군구 전체 평균이 아님
226,보은,1002.8,1024.7,-3.3,-0.4,2.5,12.2,15,-9.2,-14.3,22,0,30,-14.1,60.0,3.3,,218.1,70.4,4.9,-18.5,2.0,10,6,2,0,0,,1.5,7.2,W,10,14,2,0,,0,,,,,202601,충청북도,보은군,지점명-시군구명 유일 직접연결,관측지점 값은 시군구 전체 평균이 아님
235,보령,1023.1,1024.4,-1.1,-0.9,4.3,11.7,16,-6.1,-10.4,28,0,29,-8.9,62.0,4.6,,186.5,60.1,2.0,-20.6,0.8,24,4,0,0,0,,2.2,8.7,S,15,6,5,0,,0,,,,,202601,충청남도,보령시,지점명-시군구명 유일 직접연결,관측지점 값은 시군구 전체 평균이 아님
236,부여,1023.6,1025.3,-2.2,-0.7,3.6,12.5,15,-7.9,-12.2,22,0,31,-11.1,64.0,3.7,,203.8,65.6,2.9,-22.0,1.2,24,4,1,0,0,,1.3,9.3,W,10,11,4,0,,0,,,,,202601,충청남도,부여군,지점명-시군구명 유일 직접연결,관측지점 값은 시군구 전체 평균이 아님
238,금산,1002.6,1024.6,-2.1,0.3,3.8,14.0,15,-8.0,-12.5,22,0,30,-11.4,60.0,3.6,,201.4,64.7,5.7,-19.8,3.8,10,5,1,0,0,,1.4,7.4,W,10,10,4,0,,0,,,,,202601,충청남도,금산군,지점명-시군구명 유일 직접연결,관측지점 값은 시군구 전체 평균이 아님
239,세종,1013.1,1024.6,-2.4,,2.8,13.2,15,-7.3,-12.5,22,0,30,-10.0,59.0,3.1,,194.2,62.6,4.1,,2.0,10,5,1,0,0,,1.6,6.6,NW,10,14,2,0,,0,,,,,202601,세종특별자치시,세종특별자치시,지점명-시군구명 유일 직접연결,관측지점 값은 시군구 전체 평균이 아님
243,부안,1023.7,1025.3,-0.4,-0.2,4.2,13.9,15,-5.0,-8.9,22,0,30,-9.1,66.0,5.3,,163.2,52.3,4.4,-27.3,1.8,2,7,2,0,0,,1.5,8.4,W,10,3,6,2,,0,,,,,202601,전북특별자치도,부안군,지점명-시군구명 유일 직접연결,관측지점 값은 시군구 전체 평균이 아님
244,임실,993.4,1024.7,-2.0,0.5,3.9,15.6,15,-7.6,-11.8,26,0,30,-12.5,64.0,4.3,,174.6,56.0,3.3,-25.2,2.2,10,5,1,0,0,,1.2,8.0,NNW,10,8,4,2,,0,,,,,202601,전북특별자치도,임실군,지점명-시군구명 유일 직접연결,관측지점 값은 시군구 전체 평균이 아님
245,정읍,1016.4,1025.1,-0.9,-0.7,3.7,15.0,15,-5.7,-9.4,22,0,29,-9.0,66.0,5.1,,179.3,57.4,4.6,-31.9,1.1,21,8,2,0,0,,2.3,10.1,W,10,5,5,0,,0,,,,,202601,전북특별자치도,정읍시,지점명-시군구명 유일 직접연결,관측지점 값은 시군구 전체 평균이 아님
247,남원,1007.6,1024.6,-1.7,-0.4,4.4,15.7,15,-7.2,-11.5,22,0,30,-9.6,63.0,4.2,,194.7,62.3,2.7,-25.8,1.2,10,5,1,0,0,,1.4,8.8,WNW,10,8,4,0,,0,,,,,202601,전북특별자치도,남원시,지점명-시군구명 유일 직접연결,관측지점 값은 시군구 전체 평균이 아님
248,장수,973.7,1024.8,-3.2,-0.2,2.6,13.4,15,-9.4,-14.1,12,0,31,-12.5,61.0,4.8,,189.6,60.8,4.9,-27.0,2.9,10,7,1,0,0,,1.9,8.0,W,10,6,7,0,,0,,,,,202601,전북특별자치도,장수군,지점명-시군구명 유일 직접연결,관측지점 값은 시군구 전체 평균이 아님
251,고창군,1017.4,1024.9,-0.8,,4.0,14.1,15,-5.8,-9.0,22,0,29,-6.2,68.0,5.3,,150.9,48.3,5.9,,1.8,21,9,1,0,0,,1.9,8.2,WSW,10,4,7,0,,0,,,,,202601,전북특별자치도,고창군,지점명-시군구명 유일 직접연결,관측지점 값은 시군구 전체 평균이 아님
252,영광군,1020.6,1025.4,-0.5,-0.1,3.8,13.6,15,-5.0,-8.9,22,0,30,-6.8,68.0,5.5,,172.9,55.2,21.8,-10.9,7.8,2,9,5,0,0,,2.0,7.8,WNW,10,4,8,0,,0,,,,,202601,전라남도,영광군,지점명-시군구명 유일 직접연결,관측지점 값은 시군구 전체 평균이 아님
253,김해시,1016.0,1022.9,1.6,-0.5,7.5,18.9,15,-3.4,-9.2,22,0,25,-6.3,38.0,2.1,,34.2,55.0,0.0,-26.4,0.0,15,0,0,0,0,,2.1,12.9,WNW,10,19,1,0,,0,,,,,202601,경상남도,김해시,지점명-시군구명 유일 직접연결,관측지점 값은 시군구 전체 평균이 아님
254,순창군,1008.9,1025.4,-1.5,0.0,3.9,15.7,15,-6.7,-10.9,26,0,30,-9.7,60.0,4.5,,186.1,59.5,5.1,-20.8,2.1,10,8,1,0,0,,2.0,12.5,WNW,10,7,4,0,,0,,,,,202601,전북특별자치도,순창군,지점명-시군구명 유일 직접연결,관측지점 값은 시군구 전체 평균이 아님
257,양산시,1020.3,1021.1,2.4,0.1,7.9,18.3,15,-2.7,-6.9,22,0,27,-6.3,41.0,2.1,,191.0,61.1,0.0,-27.0,0.0,15,0,0,0,0,,2.2,10.5,WSW,10,19,1,0,,0,,,,,202601,경상남도,양산시,지점명-시군구명 유일 직접연결,관측지점 값은 시군구 전체 평균이 아님
258,보성군,1024.1,1024.3,1.1,,7.0,18.3,15,-4.0,-8.3,26,0,30,-6.9,55.0,3.4,,210.7,67.1,1.8,,1.8,11,1,1,0,0,,3.6,11.9,WNW,10,12,2,0,,0,,,,,202601,전라남도,보성군,지점명-시군구명 유일 직접연결,관측지점 값은 시군구 전체 평균이 아님
259,강진군,1022.5,1024.5,1.0,-0.1,6.4,18.0,15,-4.0,-7.5,12,0,30,-7.0,64.0,4.3,,163.9,52.1,4.6,-25.1,4.0,11,3,1,0,0,,2.3,7.6,W,10,7,2,0,,0,,,,,202601,전라남도,강진군,지점명-시군구명 유일 직접연결,관측지점 값은 시군구 전체 평균이 아님
260,장흥,1018.9,1024.5,0.4,-0.6,6.3,17.9,15,-5.4,-10.2,12,0,30,-9.6,63.0,4.0,,190.1,60.5,4.4,-23.8,3.9,11,3,1,0,0,,2.7,10.7,WNW,21,8,2,0,,0,,,,,202601,전라남도,장흥군,지점명-시군구명 유일 직접연결,관측지점 값은 시군구 전체 평균이 아님
261,해남,1023.1,1025.2,0.8,-0.5,6.0,16.6,15,-4.8,-9.2,26,0,29,-7.7,70.0,4.8,,177.1,56.3,6.7,-23.7,4.9,11,4,2,0,0,,2.8,11.4,W,10,5,5,0,,0,,,,,202601,전라남도,해남군,지점명-시군구명 유일 직접연결,관측지점 값은 시군구 전체 평균이 아님
262,고흥,1017.2,1023.8,0.9,-0.7,7.2,17.8,15,-4.8,-9.8,26,0,30,-7.5,57.0,3.2,,205.6,65.4,1.5,-24.4,1.5,11,1,1,0,0,,2.6,10.9,WNW,19,11,2,0,,0,,,,,202601,전라남도,고흥군,지점명-시군구명 유일 직접연결,관측지점 값은 시군구 전체 평균이 아님
263,의령군,1020.5,1022.3,-1.7,-1.4,6.5,17.7,15,-8.8,-12.7,22,0,31,-9.6,50.0,2.4,,226.1,77.1,0.4,-22.1,0.4,15,1,0,0,0,,2.1,10.3,W,10,20,3,0,,0,,,,,202601,경상남도,의령군,지점명-시군구명 유일 직접연결,관측지점 값은 시군구 전체 평균이 아님
264,함양군,1004.2,1023.4,-0.4,-0.1,5.7,17.0,16,-5.9,-11.7,26,0,30,-7.5,47.0,3.3,,210.7,67.5,0.9,-21.9,0.6,10,3,0,0,0,,2.9,9.6,NW,10,12,3,0,,0,,,,,202601,경상남도,함양군,지점명-시군구명 유일 직접연결,관측지점 값은 시군구 전체 평균이 아님
266,광양시,1012.3,1023.4,1.7,,7.7,18.2,15,-2.8,-7.4,22,0,26,-3.7,52.0,2.7,,223.5,71.2,0.5,,0.5,11,1,0,0,0,,2.6,9.4,W,10,15,1,0,,0,,,,,202601,전라남도,광양시,지점명-시군구명 유일 직접연결,관측지점 값은 시군구 전체 평균이 아님
268,진도군,1022.5,1023.8,1.6,-0.5,5.6,15.4,15,-2.9,-7.2,23,0,28,-2.0,70.0,5.4,,152.9,48.6,12.7,-19.2,6.0,11,6,2,0,0,,3.5,10.2,NW,20,5,7,1,,0,,,,,202601,전라남도,진도군,지점명-시군구명 유일 직접연결,관측지점 값은 시군구 전체 평균이 아님
271,봉화,982.2,1023.4,-5.0,-1.0,1.4,10.6,16,-11.9,-20.1,12,0,31,-13.0,52.0,3.0,,227.7,73.7,12.8,-3.7,10.1,10,5,2,1,0,,1.7,6.9,WNW,22,17,4,0,,0,,,,,202601,경상북도,봉화군,지점명-시군구명 유일 직접연결,관측지점 값은 시군구 전체 평균이 아님
272,영주,996.1,1023.0,-3.1,-0.9,1.5,10.0,16,-7.8,-13.0,31,0,30,-9.4,50.0,3.0,,217.6,72.7,1.7,-16.7,1.5,13,3,1,0,0,,4.6,11.7,WNW,13,15,3,0,,0,,,,,202601,경상북도,영주시,지점명-시군구명 유일 직접연결,관측지점 값은 시군구 전체 평균이 아님
273,문경,1001.0,1023.0,-2.3,-0.6,2.7,12.8,15,-7.2,-12.3,22,0,31,-10.9,48.0,2.9,,214.4,69.2,9.2,-9.7,6.8,10,4,3,0,0,,2.6,8.5,WNW,10,16,3,0,,0,,,,,202601,경상북도,문경시,지점명-시군구명 유일 직접연결,관측지점 값은 시군구 전체 평균이 아님
276,청송군,995.8,1022.4,-3.3,-0.5,3.1,13.1,18,-9.4,-14.9,31,0,31,-12.3,46.0,2.3,,235.9,76.0,2.4,-14.4,1.5,10,4,1,0,0,,2.9,10.2,NW,10,18,2,0,,0,,,,,202601,경상북도,청송군,지점명-시군구명 유일 직접연결,관측지점 값은 시군구 전체 평균이 아님
277,영덕,1016.2,1021.3,0.0,-1.0,5.0,15.3,15,-4.8,-10.8,22,0,28,-7.8,40.0,2.2,,239.9,77.5,0.3,-37.1,0.3,10,1,0,0,0,,3.7,12.8,W,11,20,1,0,,0,,,,,202601,경상북도,영덕군,지점명-시군구명 유일 직접연결,관측지점 값은 시군구 전체 평균이 아님
278,의성,1012.3,1022.8,-3.2,-0.2,4.5,14.4,15,-9.9,-14.3,3,0,31,-14.7,54.0,2.5,,230.1,74.2,1.7,-13.8,1.4,10,3,1,0,0,,1.4,9.0,W,10,18,3,0,,0,,,,,202601,경상북도,의성군,지점명-시군구명 유일 직접연결,관측지점 값은 시군구 전체 평균이 아님
279,구미,1017.1,1023.4,-1.0,-0.4,4.9,15.0,15,-6.2,-10.2,26,0,31,-8.9,44.0,2.8,,199.7,64.2,0.3,-18.1,0.3,13,1,0,0,0,,1.8,8.1,WNW,10,17,3,0,,0,,,,,202601,경상북도,구미시,지점명-시군구명 유일 직접연결,관측지점 값은 시군구 전체 평균이 아님
281,영천,1010.9,1023.1,-0.5,0.0,5.2,17.2,15,-5.9,-11.8,26,0,31,-8.7,44.0,2.4,,200.4,64.4,0.0,-22.1,0.0,13,0,0,0,0,,2.8,9.0,WNW,22,20,2,0,,0,,,,,202601,경상북도,영천시,지점명-시군구명 유일 직접연결,관측지점 값은 시군구 전체 평균이 아님
283,경주시,1017.3,1022.3,0.0,-0.3,6.2,18.4,15,-5.8,-10.5,12,0,31,-9.6,42.0,2.2,,239.2,76.8,0.0,-32.2,0.0,24,0,0,0,0,,3.6,12.2,W,10,19,2,0,,0,,,,,202601,경상북도,경주시,지점명-시군구명 유일 직접연결,관측지점 값은 시군구 전체 평균이 아님
284,거창,993.5,1022.4,-1.6,-0.3,5.9,17.5,16,-8.4,-12.8,26,0,31,-10.8,52.0,3.1,,233.7,74.9,2.2,-21.5,1.4,10,3,1,0,0,,2.3,10.3,WNW,10,13,3,0,,0,,,,,202601,경상남도,거창군,지점명-시군구명 유일 직접연결,관측지점 값은 시군구 전체 평균이 아님
285,합천,1019.6,1023.1,-0.3,-0.1,7.2,18.6,15,-6.6,-10.7,23,0,31,-10.4,53.0,2.6,,177.9,73.2,0.2,-19.5,0.2,13,1,0,0,0,,0.9,6.3,W,10,17,2,0,,0,,,,,202601,경상남도,합천군,지점명-시군구명 유일 직접연결,관측지점 값은 시군구 전체 평균이 아님
288,밀양,1020.3,1021.4,0.0,-0.5,7.2,18.9,15,-6.4,-10.4,23,0,30,-6.1,45.0,2.4,,235.7,75.5,0.0,-21.2,0.0,24,0,0,0,0,,1.6,9.7,WNW,10,18,3,1,,0,,,,,202601,경상남도,밀양시,지점명-시군구명 유일 직접연결,관측지점 값은 시군구 전체 평균이 아님
289,산청,1006.4,1023.9,0.1,-0.3,6.0,18.4,15,-4.9,-10.7,26,0,30,-6.1,46.0,3.0,,194.7,62.3,0.0,-24.4,0.0,13,0,0,0,0,,3.2,11.5,W,10,14,2,0,,0,,,,,202601,경상남도,산청군,지점명-시군구명 유일 직접연결,관측지점 값은 시군구 전체 평균이 아님
294,거제,1017.3,1022.9,2.5,-0.1,6.8,16.8,15,-1.8,-5.6,22,0,24,-6.1,46.0,2.4,,205.5,65.5,1.2,-39.2,1.2,15,1,1,0,0,,1.8,6.3,NNW,21,12,1,0,,0,,,,,202601,경상남도,거제시,지점명-시군구명 유일 직접연결,관측지점 값은 시군구 전체 평균이 아님
295,남해,1017.3,1023.1,2.1,-0.1,7.2,17.4,15,-2.5,-7.0,22,0,24,-8.0,48.0,2.4,,218.1,69.4,0.0,-33.6,0.0,15,0,0,0,0,,2.0,8.8,WNW,10,18,0,0,,0,,,,,202601,경상남도,남해군,지점명-시군구명 유일 직접연결,관측지점 값은 시군구 전체 평균이 아님
90,속초,1017.1,1019.3,4.6,2.7,9.0,18.6,21,-0.5,-10.9,8,0,13,-5.3,43.0,3.1,,189.7,62.9,16.9,-29.0,14.0,16,4,2,1,0,,2.8,10.8,WSW,22,14,3,1,,0,,,,,202602,강원특별자치도,속초시,지점명-시군구명 유일 직접연결,관측지점 값은 시군구 전체 평균이 아님
93,북춘천,1010.4,1022.6,-0.3,,7.0,17.2,21,-7.0,-16.6,8,0,27,-8.9,63.0,3.4,-0.1,211.6,70.0,2.8,,2.2,2,3,1,0,0,,1.2,9.8,SW,22,13,2,0,,0,,,,,202602,강원특별자치도,춘천시,지점명-시군구명 유일 직접연결,관측지점 값은 시군구 전체 평균이 아님
95,철원,1003.3,1023.0,-0.3,2.0,6.1,16.8,21,-7.1,-17.7,8,0,27,-10.0,64.0,3.9,,191.6,63.5,4.0,-22.3,1.8,2,5,2,0,0,,1.2,6.5,WNW,22,9,4,2,,0,,,,,202602,강원특별자치도,철원군,지점명-시군구명 유일 직접연결,관측지점 값은 시군구 전체 평균이 아님
98,동두천,1007.9,1022.5,1.0,1.8,7.8,17.9,21,-4.9,-14.1,8,0,24,-9.5,55.0,3.5,,188.5,62.4,3.4,-22.6,1.7,2,4,1,0,0,,1.3,8.3,WNW,22,12,2,3,,0,,,,,202602,경기도,동두천시,지점명-시군구명 유일 직접연결,관측지점 값은 시군구 전체 평균이 아님
99,파주,1019.3,1023.2,-0.2,1.1,6.7,17.2,21,-6.9,-17.3,8,0,25,-9.5,62.0,3.5,,188.6,62.4,2.0,-25.9,1.3,10,3,1,0,0,,1.3,6.8,WSW,21,13,2,3,,0,,,,,202602,경기도,파주시,지점명-시군구명 유일 직접연결,관측지점 값은 시군구 전체 평균이 아님
100,대관령,927.3,1021.2,-2.3,2.3,2.9,13.4,21,-7.7,-18.9,8,0,27,-11.0,65.0,3.8,,196.2,64.8,5.3,-43.9,1.8,16,6,2,0,0,,4.0,15.8,W,22,10,5,3,,1,,,,,202602,강원특별자치도,평창군,공식 지점명 기반 수동 위치연결,관측지점 값은 시군구 전체 평균이 아님
101,춘천,1011.8,1021.4,0.5,1.5,7.8,17.8,21,-6.2,-16.2,8,0,26,-11.6,61.0,,0.5,188.0,62.2,2.4,-25.2,2.1,2,2,1,0,0,,1.5,7.9,SW,22,13,1,1,,0,,,,,202602,강원특별자치도,춘천시,지점명-시군구명 유일 직접연결,관측지점 값은 시군구 전체 평균이 아님
102,백령도,1016.5,1021.1,2.0,2.0,5.2,11.5,28,-1.0,-9.6,6,0,14,-4.6,66.0,4.0,,192.2,63.6,1.6,-15.8,1.2,10,3,1,0,0,,3.8,11.5,NNW,8,9,3,1,3.0,0,0.0,3.0,6.0,17.0,202602,인천광역시,옹진군,공식 지점명 기반 수동 위치연결,관측지점 값은 시군구 전체 평균이 아님
104,북강릉,1008.8,1018.2,4.2,,9.6,19.6,21,-1.4,-12.2,8,0,17,-6.5,48.0,3.4,2.0,184.0,63.0,25.8,,24.9,16,2,1,1,0,,2.2,10.7,WSW,22,12,2,2,0.0,0,0.0,4.0,5.0,20.0,202602,강원특별자치도,강릉시,지점명-시군구명 유일 직접연결,관측지점 값은 시군구 전체 평균이 아님
105,강릉,1016.2,1019.6,5.4,2.7,10.5,21.3,21,1.0,-10.1,8,0,11,-4.4,44.0,,3.1,187.5,62.0,23.1,-24.9,22.1,16,3,1,1,0,,2.8,10.1,SW,22,11,4,2,,0,,,,,202602,강원특별자치도,강릉시,지점명-시군구명 유일 직접연결,관측지점 값은 시군구 전체 평균이 아님
106,동해,1014.7,1019.8,5.0,2.2,10.2,20.1,21,0.1,-9.5,8,0,12,-6.5,44.0,3.7,,183.0,60.5,20.6,-23.4,19.6,16,3,1,1,0,,2.7,12.9,WSW,22,12,5,3,,0,,,,,202602,강원특별자치도,동해시,지점명-시군구명 유일 직접연결,관측지점 값은 시군구 전체 평균이 아님
114,원주,1003.5,1022.4,1.2,1.5,7.5,17.6,21,-4.4,-13.0,8,0,25,-11.4,59.0,3.8,,189.5,62.5,4.1,-24.4,2.7,2,3,2,0,0,,1.3,7.3,SW,22,11,2,2,,0,,,,,202602,강원특별자치도,원주시,지점명-시군구명 유일 직접연결,관측지점 값은 시군구 전체 평균이 아님
115,울릉도,991.9,1019.1,4.7,2.2,7.7,14.3,21,1.9,-5.6,8,0,10,-3.5,66.0,4.9,4.8,121.5,40.1,57.3,-34.0,22.8,7,6,6,2,0,,4.2,13.8,NE,6,5,6,3,0.0,0,0.0,7.0,0.0,11.0,202602,경상북도,울릉군,공식 지점명 기반 수동 위치연결,관측지점 값은 시군구 전체 평균이 아님
121,영월,992.4,1022.5,0.2,1.0,7.9,17.9,21,-6.3,-15.1,8,0,27,-10.2,61.0,3.7,,189.9,62.6,6.9,-21.3,4.7,24,3,2,0,0,,1.5,9.7,W,22,9,2,1,,0,,,,,202602,강원특별자치도,영월군,지점명-시군구명 유일 직접연결,관측지점 값은 시군구 전체 평균이 아님
127,충주,1007.4,1021.9,0.9,1.4,7.8,18.6,21,-5.5,-13.2,9,0,26,-7.9,60.0,3.4,,194.3,64.0,7.6,-21.8,4.4,24,3,2,0,0,,1.4,7.2,WSW,22,11,2,1,,0,,,,,202602,충청북도,충주시,지점명-시군구명 유일 직접연결,관측지점 값은 시군구 전체 평균이 아님
129,서산,1019.4,1022.6,1.5,1.4,7.3,16.2,28,-4.3,-11.5,7,0,24,-8.7,67.0,,3.1,194.6,64.1,1.7,-29.4,0.8,2,4,0,0,0,,2.1,10.0,WNW,22,9,1,2,,0,,,,,202602,충청남도,서산시,지점명-시군구명 유일 직접연결,관측지점 값은 시군구 전체 평균이 아님
130,울진,1013.7,1019.7,5.2,2.2,10.8,21.6,22,0.1,-10.0,8,0,14,-3.3,46.0,3.8,,184.0,60.6,15.1,-21.8,10.8,16,2,2,1,0,,2.8,12.4,W,22,12,7,4,,0,,,,,202602,경상북도,울진군,지점명-시군구명 유일 직접연결,관측지점 값은 시군구 전체 평균이 아님
135,추풍령,991.6,1022.1,1.5,1.0,7.5,18.2,21,-4.0,-12.0,8,0,25,-7.3,55.0,3.9,,191.7,62.9,9.4,-24.8,7.5,24,4,2,0,0,,2.9,11.1,W,22,9,4,3,,0,,,,,202602,충청북도,영동군,공식 지점명 기반 수동 위치연결,관측지점 값은 시군구 전체 평균이 아님
136,안동,1004.9,1022.6,2.0,1.2,8.9,18.7,22,-4.5,-13.0,9,0,25,-7.4,50.0,3.6,,212.0,69.7,5.4,-19.5,5.1,24,2,1,0,0,,1.9,9.2,WNW,22,14,3,2,1.0,0,0.0,3.0,15.0,25.0,202602,경상북도,안동시,지점명-시군구명 유일 직접연결,관측지점 값은 시군구 전체 평균이 아님
137,상주,1009.1,1021.2,2.6,1.2,9.0,19.8,21,-2.9,-11.4,8,0,24,-5.1,53.0,3.5,,194.7,64.0,7.9,-25.4,7.1,24,3,1,0,0,,1.9,9.5,W,22,12,4,2,,0,,,,,202602,경상북도,상주시,지점명-시군구명 유일 직접연결,관측지점 값은 시군구 전체 평균이 아님
140,군산,1020.2,1023.7,2.0,0.4,7.7,19.0,21,-2.7,-9.1,8,0,21,-7.5,70.0,3.9,,145.4,67.1,20.2,-15.7,16.3,24,6,2,1,0,,,12.0,WSW,22,10,2,1,,0,,,,,202602,전북특별자치도,군산시,지점명-시군구명 유일 직접연결,관측지점 값은 시군구 전체 평균이 아님
156,광주,1012.7,1021.5,4.1,1.2,10.4,19.8,21,-0.8,-8.3,8,0,16,-6.7,65.0,3.9,,191.3,62.6,24.7,-18.9,15.9,24,6,6,1,0,,1.6,7.1,WSW,22,11,2,2,0.0,0,0.0,5.0,14.0,16.0,202602,경기도,광주시,지점명-시군구명 유일 직접연결,관측지점 값은 시군구 전체 평균이 아님
162,통영,1016.3,1020.2,6.2,1.4,11.5,19.5,22,1.5,-7.0,8,0,9,-2.6,54.0,3.5,,204.1,66.6,38.5,-11.0,31.4,24,3,2,1,1,,2.7,9.4,N,7,14,4,2,,0,,,,,202602,경상남도,통영시,지점명-시군구명 유일 직접연결,관측지점 값은 시군구 전체 평균이 아님
165,목포,1017.0,1022.6,3.7,0.7,7.6,16.0,21,0.1,-5.6,8,0,14,-3.6,77.0,4.9,5.5,172.5,56.3,33.0,-3.8,18.2,24,6,6,1,0,,3.7,12.9,NW,8,6,5,2,6.0,0,0.0,5.0,7.0,16.0,202602,전라남도,목포시,지점명-시군구명 유일 직접연결,관측지점 값은 시군구 전체 평균이 아님
168,여수,1013.1,1021.3,5.6,1.2,10.1,17.0,22,1.7,-7.2,8,0,7,-2.0,54.0,3.4,6.3,206.6,67.4,38.3,-6.3,30.2,24,4,3,1,1,,4.5,14.5,NW,8,14,3,2,0.0,1,0.0,1.0,0.0,10.0,202602,전라남도,여수시,지점명-시군구명 유일 직접연결,관측지점 값은 시군구 전체 평균이 아님
169,흑산도,1013.1,1022.5,5.1,1.3,9.0,15.6,21,2.5,-4.1,8,0,3,1.0,74.0,4.9,,170.6,55.7,19.9,-12.9,12.5,24,6,5,1,0,,6.7,20.8,NNW,8,8,7,2,2.0,8,0.0,4.0,4.0,5.0,202602,전라남도,신안군,공식 지점명 기반 수동 위치연결,관측지점 값은 시군구 전체 평균이 아님
170,완도,1017.8,1022.2,4.9,1.0,10.9,19.6,21,0.2,-6.0,7,0,13,-3.4,67.0,4.1,,169.5,55.2,41.3,-11.3,30.0,24,6,3,1,1,,2.5,7.5,NW,7,9,7,2,,0,,,,,202602,전라남도,완도군,지점명-시군구명 유일 직접연결,관측지점 값은 시군구 전체 평균이 아님
172,고창,1015.7,1022.3,2.3,0.5,8.5,18.2,21,-3.1,-8.4,8,0,24,-6.2,73.0,4.5,,176.4,57.7,21.9,-11.2,10.9,24,7,6,1,0,,2.5,9.8,WNW,22,10,5,2,,0,,,,,202602,전북특별자치도,고창군,지점명-시군구명 유일 직접연결,관측지점 값은 시군구 전체 평균이 아님
174,순천,999.8,1020.4,2.5,,10.0,19.2,22,-3.6,-9.6,8,0,24,-7.5,59.0,3.8,,195.0,63.7,34.2,,27.8,24,6,4,1,0,,2.3,7.8,NW,22,11,4,3,,0,,,,,202602,전라남도,순천시,지점명-시군구명 유일 직접연결,관측지점 값은 시군구 전체 평균이 아님
177,홍성,1018.0,1021.5,2.2,,8.3,18.2,21,-4.0,-10.8,9,0,24,-7.2,65.0,3.8,,201.1,66.2,3.3,,2.8,24,3,1,0,0,,2.1,8.5,SW,22,9,2,2,,0,,,,,202602,충청남도,홍성군,지점명-시군구명 유일 직접연결,관측지점 값은 시군구 전체 평균이 아님
184,제주,1019.1,1021.7,7.9,1.1,11.3,21.0,22,5.1,-1.9,8,0,2,0.7,60.0,5.7,9.0,133.7,43.4,80.3,23.1,54.9,24,10,5,2,1,,3.4,11.5,NW,8,6,10,6,0.0,0,0.0,3.0,1.0,3.0,202602,제주특별자치도,제주시,지점명-시군구명 유일 직접연결,관측지점 값은 시군구 전체 평균이 아님
185,고산,1012.6,1021.4,7.8,1.2,10.9,19.3,22,5.3,-2.1,8,0,2,2.1,68.0,4.9,,144.5,46.9,45.8,-2.0,31.8,24,9,3,1,1,,8.3,26.8,NW,8,8,8,2,,11,,,,,202602,제주특별자치도,제주시,공식 지점명 기반 수동 위치연결,관측지점 값은 시군구 전체 평균이 아님
188,성산,1019.2,1021.7,7.7,1.4,11.6,20.7,22,3.6,-3.5,8,0,6,0.7,64.0,5.0,,152.3,49.5,92.8,9.6,63.7,24,9,6,2,1,,3.4,9.7,W,22,7,10,5,,0,,,,,202602,제주특별자치도,서귀포시,공식 지점명 기반 수동 위치연결,관측지점 값은 시군구 전체 평균이 아님
189,서귀포,1014.7,1021.1,9.4,1.2,13.6,22.5,22,5.8,-2.5,8,0,3,2.0,59.0,4.9,,175.7,57.0,41.3,-36.6,26.6,24,8,4,1,0,,2.2,7.4,NNE,24,10,7,5,0.0,0,0.0,2.0,0.0,4.0,202602,제주특별자치도,서귀포시,지점명-시군구명 유일 직접연결,관측지점 값은 시군구 전체 평균이 아님
192,진주,1017.7,1021.4,3.6,1.0,11.6,21.5,22,-3.5,-10.3,9,0,23,-7.4,55.0,3.6,,210.5,68.9,34.4,-11.2,31.2,24,3,2,1,1,,0.9,5.7,WSW,22,12,5,3,,0,,,,,202602,경상남도,진주시,지점명-시군구명 유일 직접연결,관측지점 값은 시군구 전체 평균이 아님
201,강화,1017.0,1023.0,0.9,1.6,6.1,15.6,21,-4.6,-14.4,7,0,24,-9.3,62.0,3.4,,193.7,64.0,2.2,-20.3,1.3,10,3,1,0,0,,1.8,7.8,SW,21,12,3,3,,0,,,,,202602,인천광역시,강화군,지점명-시군구명 유일 직접연결,관측지점 값은 시군구 전체 평균이 아님
202,양평,1016.6,1022.6,1.6,2.1,8.0,18.0,21,-3.9,-12.1,9,0,25,-7.7,58.0,3.3,,178.5,58.9,2.3,-25.7,2.2,2,2,1,0,0,,1.2,7.4,W,22,11,1,0,,0,,,,,202602,경기도,양평군,지점명-시군구명 유일 직접연결,관측지점 값은 시군구 전체 평균이 아님
203,이천,1012.7,1022.8,1.4,1.7,8.7,18.8,21,-4.9,-14.0,8,0,25,-7.8,62.0,3.6,,179.1,59.1,2.8,-26.8,1.7,2,3,2,0,0,,1.1,6.6,SW,22,11,1,1,,0,,,,,202602,경기도,이천시,지점명-시군구명 유일 직접연결,관측지점 값은 시군구 전체 평균이 아님
211,인제,996.2,1021.6,0.0,1.8,6.3,15.9,21,-6.0,-15.5,8,0,27,-12.0,60.0,3.6,,148.3,49.1,2.8,-20.0,1.7,2,3,2,0,0,,1.6,7.5,SSW,22,11,2,3,,0,,,,,202602,강원특별자치도,인제군,지점명-시군구명 유일 직접연결,관측지점 값은 시군구 전체 평균이 아님
212,홍천,1005.0,1022.7,0.4,2.1,7.7,17.2,21,-5.8,-15.3,8,0,26,-9.1,53.0,3.4,,161.6,53.4,3.8,-22.4,3.1,2,3,1,0,0,,0.9,6.1,W,22,13,1,2,,0,,,,,202602,강원특별자치도,홍천군,지점명-시군구명 유일 직접연결,관측지점 값은 시군구 전체 평균이 아님
216,태백,934.2,1020.8,-0.3,2.2,5.0,14.2,21,-5.5,-16.3,8,0,27,-9.1,53.0,4.1,,143.3,47.2,14.1,-14.7,8.4,24,6,4,0,0,,1.6,6.3,SSW,22,11,5,3,,0,,,,,202602,강원특별자치도,태백시,지점명-시군구명 유일 직접연결,관측지점 값은 시군구 전체 평균이 아님
217,정선군,983.2,1022.2,-0.3,1.0,6.9,16.7,21,-6.6,-15.0,8,0,26,-9.8,58.0,3.5,,169.7,56.0,4.7,-31.0,2.0,24,5,2,0,0,,1.5,8.3,S,22,10,3,1,,0,,,,,202602,강원특별자치도,정선군,지점명-시군구명 유일 직접연결,관측지점 값은 시군구 전체 평균이 아님
221,제천,989.1,1022.3,-0.5,1.4,6.6,16.2,21,-7.4,-16.8,8,0,28,-10.0,65.0,3.8,,196.8,64.9,4.6,-27.6,2.5,24,2,2,0,0,,1.6,9.2,WSW,22,8,2,1,,0,,,,,202602,충청북도,제천시,지점명-시군구명 유일 직접연결,관측지점 값은 시군구 전체 평균이 아님
226,보은,1001.0,1022.6,0.7,1.3,7.8,18.6,21,-6.0,-13.2,9,0,27,-10.9,64.0,3.6,,193.4,63.6,11.7,-21.3,10.0,24,4,2,1,0,,1.2,6.9,WNW,22,13,2,1,,0,,,,,202602,충청북도,보은군,지점명-시군구명 유일 직접연결,관측지점 값은 시군구 전체 평균이 아님
235,보령,1020.6,1021.9,2.8,1.6,8.9,17.4,21,-2.6,-8.9,7,0,21,-6.5,66.0,3.8,,188.3,61.9,8.4,-21.8,6.2,24,4,2,0,0,,2.1,10.2,S,21,9,1,2,,0,,,,,202602,충청남도,보령시,지점명-시군구명 유일 직접연결,관측지점 값은 시군구 전체 평균이 아님
236,부여,1021.1,1022.8,1.8,1.1,9.1,18.6,21,-4.6,-10.0,9,0,26,-7.9,68.0,3.6,,192.6,63.3,12.3,-25.3,8.9,24,4,2,0,0,,1.2,6.3,W,22,10,1,1,,0,,,,,202602,충청남도,부여군,지점명-시군구명 유일 직접연결,관측지점 값은 시군구 전체 평균이 아님
238,금산,1000.7,1022.3,1.7,1.7,8.7,18.9,21,-4.9,-11.3,3,0,26,-8.9,65.0,3.8,,182.2,59.8,10.7,-27.2,7.8,24,4,2,0,0,,1.1,6.2,SSW,22,11,3,2,,0,,,,,202602,충청남도,금산군,지점명-시군구명 유일 직접연결,관측지점 값은 시군구 전체 평균이 아님
239,세종,1010.8,1022.1,2.2,,8.4,17.8,21,-3.5,-10.2,8,0,23,-7.8,62.0,3.5,,176.6,58.1,10.2,,7.1,24,3,2,0,0,,1.4,5.5,WNW,22,14,1,1,,0,,,,,202602,세종특별자치시,세종특별자치시,지점명-시군구명 유일 직접연결,관측지점 값은 시군구 전체 평균이 아님
243,부안,1021.2,1022.7,3.1,1.5,8.6,18.7,21,-1.9,-8.5,8,0,22,-6.1,70.0,4.1,,186.7,63.5,21.0,-15.4,10.0,24,7,6,1,0,,1.4,7.7,SSW,21,10,3,2,,0,,,,,202602,전북특별자치도,부안군,지점명-시군구명 유일 직접연결,관측지점 값은 시군구 전체 평균이 아님
244,임실,991.6,1022.3,1.6,1.9,8.7,18.0,21,-4.8,-10.5,3,0,27,-10.2,69.0,4.0,,191.6,62.8,20.1,-16.8,12.8,24,6,4,1,0,,1.0,6.5,NNW,22,10,4,2,,0,,,,,202602,전북특별자치도,임실군,지점명-시군구명 유일 직접연결,관측지점 값은 시군구 전체 평균이 아님
245,정읍,1014.0,1022.6,2.6,0.9,8.4,18.1,21,-2.4,-9.2,8,0,22,-6.6,70.0,4.4,,183.5,60.1,21.4,-17.6,8.9,24,6,6,0,0,,1.9,8.7,S,21,9,5,3,,0,,,,,202602,전북특별자치도,정읍시,지점명-시군구명 유일 직접연결,관측지점 값은 시군구 전체 평균이 아님
247,남원,1005.4,1022.1,2.3,1.4,9.4,18.1,21,-4.0,-10.1,8,0,25,-6.5,65.0,3.8,,202.2,66.1,17.9,-21.5,12.2,24,5,4,1,0,,1.8,6.9,E,25,10,4,2,,0,,,,,202602,전북특별자치도,남원시,지점명-시군구명 유일 직접연결,관측지점 값은 시군구 전체 평균이 아님
248,장수,972.3,1022.7,0.0,0.8,7.5,15.9,21,-6.4,-14.0,3,0,27,-10.2,67.0,4.1,,184.4,60.4,21.4,-24.1,14.9,24,4,4,1,0,,1.4,7.0,W,18,10,4,3,,0,,,,,202602,전북특별자치도,장수군,지점명-시군구명 유일 직접연결,관측지점 값은 시군구 전체 평균이 아님
251,고창군,1015.0,1022.4,2.4,,8.5,18.2,21,-3.0,-8.7,8,0,24,-5.4,72.0,4.4,,160.6,54.4,25.3,,10.1,24,6,6,1,0,,1.5,7.0,SSW,21,9,5,3,,0,,,,,202602,전북특별자치도,고창군,지점명-시군구명 유일 직접연결,관측지점 값은 시군구 전체 평균이 아님
252,영광군,1018.2,1022.9,2.6,1.1,7.9,17.3,21,-2.5,-6.1,8,0,22,-4.9,72.0,4.6,,177.0,57.9,22.9,-15.5,10.7,24,7,6,1,0,,1.6,7.9,N,6,10,6,2,,0,,,,,202602,전라남도,영광군,지점명-시군구명 유일 직접연결,관측지점 값은 시군구 전체 평균이 아님
253,김해시,1014.5,1021.3,5.7,0.6,12.2,21.6,22,0.4,-8.7,8,0,10,-2.6,47.0,3.7,,83.5,65.3,37.0,-15.1,29.3,24,4,2,1,0,,1.6,6.9,NW,8,12,4,0,,0,,,,,202602,경상남도,김해시,지점명-시군구명 유일 직접연결,관측지점 값은 시군구 전체 평균이 아님
254,순창군,1006.8,1023.0,1.8,0.4,9.0,17.9,21,-4.5,-10.2,9,0,27,-7.9,66.0,3.8,,201.4,65.9,20.3,-26.4,12.8,24,7,4,1,0,,1.7,8.5,NW,22,8,4,2,,0,,,,,202602,전북특별자치도,순창군,지점명-시군구명 유일 직접연결,관측지점 값은 시군구 전체 평균이 아님
257,양산시,1018.7,1019.5,6.1,1.5,12.3,21.6,22,0.5,-6.9,8,0,13,-3.4,53.0,3.7,,174.5,57.1,34.7,-19.9,27.4,24,3,2,1,0,,2.3,7.5,SSW,22,12,4,4,,0,,,,,202602,경상남도,양산시,지점명-시군구명 유일 직접연결,관측지점 값은 시군구 전체 평균이 아님
258,보성군,1022.0,1022.2,4.3,,11.1,19.7,22,-2.0,-7.4,8,0,21,-4.9,63.0,3.8,,200.0,65.3,38.7,,30.8,24,6,4,1,1,,3.1,10.6,NNW,8,10,5,2,,0,,,,,202602,전라남도,보성군,지점명-시군구명 유일 직접연결,관측지점 값은 시군구 전체 평균이 아님
259,강진군,1020.2,1022.2,3.7,0.8,10.4,17.3,22,-1.9,-6.5,9,0,18,-5.3,72.0,4.0,,164.5,53.7,40.8,-3.9,28.4,24,6,6,1,0,,1.6,6.8,WNW,2,9,4,3,,0,,,,,202602,전라남도,강진군,지점명-시군구명 유일 직접연결,관측지점 값은 시군구 전체 평균이 아님
260,장흥,1016.6,1022.2,3.4,0.8,10.5,17.9,21,-3.2,-8.6,3,0,22,-7.7,69.0,4.0,,185.6,60.5,39.3,-3.1,28.2,24,6,5,1,0,,2.0,9.6,W,7,9,5,2,,0,,,,,202602,전라남도,장흥군,지점명-시군구명 유일 직접연결,관측지점 값은 시군구 전체 평균이 아님
261,해남,1020.7,1022.8,3.2,0.5,9.5,17.2,21,-3.1,-8.0,2,0,22,-6.4,75.0,4.6,,163.9,53.4,41.9,2.6,28.7,24,6,5,1,0,,2.3,8.3,WNW,6,7,8,2,,0,,,,,202602,전라남도,해남군,지점명-시군구명 유일 직접연결,관측지점 값은 시군구 전체 평균이 아님
262,고흥,1015.1,1021.6,4.2,1.0,11.2,18.7,22,-2.2,-7.7,2,0,21,-5.2,64.0,3.7,,185.5,60.5,43.5,-3.0,35.0,24,5,3,1,1,,2.3,10.4,NW,8,9,5,3,,0,,,,,202602,전라남도,고흥군,지점명-시군구명 유일 직접연결,관측지점 값은 시군구 전체 평균이 아님
263,의령군,1018.8,1020.6,2.6,0.3,11.0,20.8,22,-4.8,-12.1,9,0,24,-6.1,49.0,3.6,,205.9,67.4,31.0,-3.7,27.5,24,2,2,1,0,,2.0,8.8,W,22,12,5,4,,0,,,,,202602,경상남도,의령군,지점명-시군구명 유일 직접연결,관측지점 값은 시군구 전체 평균이 아님
264,함양군,1002.7,1021.7,2.7,0.9,10.1,19.0,22,-4.0,-8.6,8,0,26,-5.6,54.0,3.8,,190.1,62.3,24.2,-6.3,18.7,24,3,3,1,0,,2.1,7.9,WNW,22,11,5,3,,0,,,,,202602,경상남도,함양군,지점명-시군구명 유일 직접연결,관측지점 값은 시군구 전체 평균이 아님
266,광양시,1010.6,1021.5,5.5,,12.0,20.6,22,0.5,-8.0,8,0,11,-0.1,56.0,3.4,,198.3,64.8,34.6,,30.8,24,4,2,1,1,,2.2,7.6,WNW,22,13,4,2,,0,,,,,202602,전라남도,광양시,지점명-시군구명 유일 직접연결,관측지점 값은 시군구 전체 평균이 아님
268,진도군,1020.2,1021.4,3.7,0.4,8.7,15.8,21,-1.2,-5.3,8,0,18,-1.3,75.0,4.6,,161.7,52.7,40.6,-5.8,24.6,24,6,6,1,0,,2.6,9.2,NNW,6,8,6,2,,0,,,,,202602,전라남도,진도군,지점명-시군구명 유일 직접연결,관측지점 값은 시군구 전체 평균이 아님
271,봉화,981.5,1022.0,-0.7,0.9,7.1,15.3,21,-7.7,-14.1,8,0,28,-9.7,59.0,3.5,,186.4,61.4,11.2,-14.7,9.6,24,3,2,0,0,,1.4,6.8,WNW,9,14,4,2,,0,,,,,202602,경상북도,봉화군,지점명-시군구명 유일 직접연결,관측지점 값은 시군구 전체 평균이 아님
272,영주,995.1,1021.5,1.3,1.1,7.4,16.8,21,-4.9,-12.2,8,0,28,-7.0,58.0,3.3,,191.4,63.0,11.1,-19.1,9.9,24,2,2,0,0,,3.3,12.7,NW,22,13,3,2,,0,,,,,202602,경상북도,영주시,지점명-시군구명 유일 직접연결,관측지점 값은 시군구 전체 평균이 아님
273,문경,999.6,1021.2,2.2,1.6,8.3,17.4,21,-3.3,-11.7,8,0,23,-7.9,56.0,3.5,,190.1,62.5,14.1,-15.6,12.5,24,3,2,1,0,,2.0,9.5,WNW,22,12,3,2,,0,,,,,202602,경상북도,문경시,지점명-시군구명 유일 직접연결,관측지점 값은 시군구 전체 평균이 아님
276,청송군,994.9,1021.0,0.5,0.7,8.4,20.5,22,-6.6,-13.8,3,0,27,-9.7,52.0,3.7,,183.9,60.5,8.5,-15.6,8.2,24,2,1,0,0,,2.1,10.0,WNW,22,12,6,2,,0,,,,,202602,경상북도,청송군,지점명-시군구명 유일 직접연결,관측지점 값은 시군구 전체 평균이 아님
277,영덕,1015.1,1020.2,4.9,2.0,10.1,23.0,22,-0.3,-10.2,8,0,11,-3.2,46.0,3.7,,180.6,59.4,11.5,-19.0,9.3,24,2,2,0,0,,3.4,14.8,W,22,14,6,3,,1,,,,,202602,경상북도,영덕군,지점명-시군구명 유일 직접연결,관측지점 값은 시군구 전체 평균이 아님
278,의성,1010.7,1021.0,1.3,1.6,9.9,20.5,22,-6.0,-13.7,9,0,25,-10.7,58.0,3.7,,184.1,60.5,7.1,-15.5,6.8,24,2,1,0,0,,1.2,6.7,WNW,22,11,5,3,,0,,,,,202602,경상북도,의성군,지점명-시군구명 유일 직접연결,관측지점 값은 시군구 전체 평균이 아님
279,구미,1015.4,1021.5,3.2,1.4,10.4,21.7,22,-2.9,-9.9,8,0,23,-5.9,52.0,3.7,,180.1,59.2,11.0,-16.0,10.2,24,3,1,1,0,,1.5,8.1,WNW,22,13,6,3,,0,,,,,202602,경상북도,구미시,지점명-시군구명 유일 직접연결,관측지점 값은 시군구 전체 평균이 아님
281,영천,1009.5,1021.5,3.5,1.8,10.3,22.0,22,-2.4,-10.0,8,0,21,-5.8,52.0,3.9,,158.7,54.0,20.7,-5.3,18.5,24,3,2,1,0,,2.1,7.3,WNW,22,12,6,3,,0,,,,,202602,경상북도,영천시,지점명-시군구명 유일 직접연결,관측지점 값은 시군구 전체 평균이 아님
283,경주시,1016.0,1021.0,3.8,1.5,10.8,24.0,22,-3.0,-9.5,8,0,22,-6.5,51.0,3.9,,174.4,57.2,23.0,-7.8,19.7,24,2,2,1,0,,3.0,13.0,WSW,22,13,6,5,,0,,,,,202602,경상북도,경주시,지점명-시군구명 유일 직접연결,관측지점 값은 시군구 전체 평균이 아님
284,거창,992.2,1020.6,1.9,1.0,10.7,19.5,22,-5.4,-12.3,3,0,27,-8.1,57.0,3.6,,207.0,67.8,20.9,-13.2,17.8,24,3,2,1,0,,1.9,9.2,NW,22,12,5,3,,0,,,,,202602,경상남도,거창군,지점명-시군구명 유일 직접연결,관측지점 값은 시군구 전체 평균이 아님
285,합천,1018.0,1021.3,3.9,1.7,12.0,22.8,22,-2.6,-9.1,3,0,21,-6.6,57.0,3.7,,190.5,64.7,19.2,-12.1,16.5,24,2,2,1,0,,0.9,5.4,W,22,13,5,3,,0,,,,,202602,경상남도,합천군,지점명-시군구명 유일 직접연결,관측지점 값은 시군구 전체 평균이 아님
288,밀양,1018.6,1019.7,4.1,1.3,11.9,23.2,22,-3.0,-9.3,3,0,22,-3.6,52.0,3.7,,198.4,64.9,23.8,-9.2,19.9,24,2,2,1,0,,1.6,7.7,NW,8,14,4,3,,0,,,,,202602,경상남도,밀양시,지점명-시군구명 유일 직접연결,관측지점 값은 시군구 전체 평균이 아님
289,산청,1004.9,1022.2,3.2,0.8,10.6,23.2,22,-2.9,-9.0,8,0,23,-4.3,55.0,3.7,,186.9,61.2,25.1,-15.8,21.0,24,4,2,1,0,,2.0,11.3,W,22,13,5,4,,0,,,,,202602,경상남도,산청군,지점명-시군구명 유일 직접연결,관측지점 값은 시군구 전체 평균이 아님
294,거제,1015.7,1021.2,5.9,1.5,10.7,19.1,22,1.2,-6.1,8,0,10,-3.2,56.0,3.5,,184.2,60.2,44.7,-15.8,35.6,24,3,2,1,1,,1.4,6.4,WNW,7,13,4,3,,0,,,,,202602,경상남도,거제시,지점명-시군구명 유일 직접연결,관측지점 값은 시군구 전체 평균이 아님
295,남해,1015.5,1021.2,5.5,1.5,10.9,19.9,22,0.6,-6.1,9,0,10,-4.2,56.0,3.5,,191.9,62.6,36.0,-29.2,28.5,24,3,3,1,0,,1.7,9.2,WNW,22,12,5,3,,0,,,,,202602,경상남도,남해군,지점명-시군구명 유일 직접연결,관측지점 값은 시군구 전체 평균이 아님
90,속초,1019.1,1021.3,6.5,0.2,10.5,22.8,27,2.6,-1.8,8,0,6,-0.6,68.0,4.5,,195.2,52.6,88.6,36.3,24.0,2,10,8,3,0,,2.2,8.5,W,20,10,7,4,,0,,,,,202603,강원특별자치도,속초시,지점명-시군구명 유일 직접연결,관측지점 값은 시군구 전체 평균이 아님
93,북춘천,1010.1,1022.0,6.0,,13.5,21.8,26,-0.8,-7.0,8,0,17,-3.6,62.0,4.2,6.8,251.2,67.7,33.5,,12.3,5,7,5,1,0,,1.2,6.2,WSW,19,14,9,1,,0,,,,,202603,강원특별자치도,춘천시,지점명-시군구명 유일 직접연결,관측지점 값은 시군구 전체 평균이 아님
95,철원,1003.2,1022.4,5.4,1.7,12.6,20.9,29,-1.4,-8.2,8,0,20,-5.1,65.0,4.1,,244.6,65.9,29.4,-1.4,11.2,5,8,5,2,0,,1.4,6.6,NNE,12,14,8,1,,0,,,,,202603,강원특별자치도,철원군,지점명-시군구명 유일 직접연결,관측지점 값은 시군구 전체 평균이 아님
98,동두천,1007.5,1021.8,6.8,1.8,14.4,22.1,30,0.6,-6.4,8,0,14,-3.7,55.0,4.0,,226.7,61.1,41.4,9.4,18.3,2,7,5,2,0,,1.1,5.8,WNW,22,14,8,1,,0,,,,,202603,경기도,동두천시,지점명-시군구명 유일 직접연결,관측지점 값은 시군구 전체 평균이 아님
99,파주,1018.7,1022.6,5.4,1.0,13.0,20.5,30,-0.9,-7.7,8,0,18,-3.5,65.0,4.1,,216.7,58.4,32.1,0.6,12.4,2,6,5,2,0,,1.3,5.3,E,31,13,7,1,,0,,,,,202603,경기도,파주시,지점명-시군구명 유일 직접연결,관측지점 값은 시군구 전체 평균이 아님
100,대관령,929.3,1022.2,1.1,0.7,7.6,18.0,30,-5.4,-15.4,8,0,30,-3.4,75.0,4.6,,210.5,58.7,97.2,24.6,35.4,2,10,9,2,2,,1.8,9.4,W,20,9,7,4,,0,,,,,202603,강원특별자치도,평창군,공식 지점명 기반 수동 위치연결,관측지점 값은 시군구 전체 평균이 아님
101,춘천,1011.4,1020.8,6.5,1.5,14.1,22.8,26,-0.2,-6.1,8,0,16,-5.7,61.0,,4.6,213.9,57.7,40.5,7.0,13.0,5,7,5,2,0,,1.5,5.7,NE,12,14,6,2,,0,,,,,202603,강원특별자치도,춘천시,지점명-시군구명 유일 직접연결,관측지점 값은 시군구 전체 평균이 아님
102,백령도,1016.5,1021.0,5.3,1.5,8.9,17.2,28,2.5,-1.4,7,0,3,-2.2,68.0,4.8,,215.0,58.0,10.3,-7.9,10.0,2,2,1,1,0,,2.8,10.1,NNW,9,9,9,6,6.0,0,0.0,0.0,5.0,7.0,202603,인천광역시,옹진군,공식 지점명 기반 수동 위치연결,관측지점 값은 시군구 전체 평균이 아님
104,북강릉,1010.6,1019.9,6.7,,11.4,20.3,27,2.3,-2.2,8,0,8,-3.1,72.0,5.0,7.2,197.1,53.1,93.3,,27.2,31,11,9,4,0,,1.7,7.6,W,20,6,7,4,2.0,0,0.0,3.0,13.0,9.0,202603,강원특별자치도,강릉시,지점명-시군구명 유일 직접연결,관측지점 값은 시군구 전체 평균이 아님
105,강릉,1017.8,1021.2,7.8,0.8,12.5,21.6,27,3.7,-0.6,8,0,1,-1.6,64.0,,7.1,195.6,52.7,110.2,45.1,33.5,31,10,10,4,1,,1.8,7.9,WSW,20,9,7,5,,0,,,,,202603,강원특별자치도,강릉시,지점명-시군구명 유일 직접연결,관측지점 값은 시군구 전체 평균이 아님
106,동해,1016.2,1021.2,7.4,0.6,11.8,18.2,30,3.2,-1.6,8,0,5,-2.2,68.0,4.4,,199.0,53.7,79.2,21.6,33.2,31,9,7,3,1,,2.8,10.8,N,13,11,6,6,,0,,,,,202603,강원특별자치도,동해시,지점명-시군구명 유일 직접연결,관측지점 값은 시군구 전체 평균이 아님
114,원주,1003.0,1021.5,7.2,1.7,13.8,21.7,29,1.3,-5.2,8,0,14,-5.4,57.0,4.0,,219.8,59.2,35.7,-8.1,11.2,31,6,6,1,0,,1.4,5.4,NNE,12,15,9,2,,0,,,,,202603,강원특별자치도,원주시,지점명-시군구명 유일 직접연결,관측지점 값은 시군구 전체 평균이 아님
115,울릉도,994.0,1021.0,7.3,1.5,10.4,17.3,27,4.5,-0.7,8,0,1,-0.2,75.0,5.4,7.4,135.8,36.6,70.8,-5.6,21.0,31,9,9,3,0,,3.5,15.6,E,31,5,7,3,1.0,1,0.0,4.0,0.0,2.0,202603,경상북도,울릉군,공식 지점명 기반 수동 위치연결,관측지점 값은 시군구 전체 평균이 아님
121,영월,992.3,1021.7,6.3,1.4,14.0,23.4,29,-0.7,-7.8,8,0,19,-5.0,60.0,4.3,,207.7,56.0,32.7,-12.4,12.4,31,6,6,1,0,,1.5,7.5,E,12,13,8,4,,0,,,,,202603,강원특별자치도,영월군,지점명-시군구명 유일 직접연결,관측지점 값은 시군구 전체 평균이 아님
127,충주,1006.8,1020.9,6.8,1.5,13.9,22.0,29,0.3,-6.2,8,0,16,-2.7,58.0,4.1,,208.4,58.0,58.7,17.2,18.6,31,7,6,2,0,,1.4,6.2,N,12,14,7,3,,0,,,,,202603,충청북도,충주시,지점명-시군구명 유일 직접연결,관측지점 값은 시군구 전체 평균이 아님
129,서산,1018.7,1021.8,5.8,0.9,12.7,19.2,29,0.2,-6.3,8,0,17,-3.4,70.0,,7.1,212.7,57.3,65.8,24.3,21.0,2,6,5,4,0,,1.8,8.2,ENE,2,11,5,2,,0,,,,,202603,충청남도,서산시,지점명-시군구명 유일 직접연결,관측지점 값은 시군구 전체 평균이 아님
130,울진,1015.1,1021.1,7.6,0.7,11.9,17.9,20,3.0,-2.1,10,0,5,0.8,70.0,4.7,,186.9,50.4,109.1,53.1,38.3,31,8,6,5,1,,2.7,9.0,NE,31,9,8,4,,0,,,,,202603,경상북도,울진군,지점명-시군구명 유일 직접연결,관측지점 값은 시군구 전체 평균이 아님
135,추풍령,991.3,1021.1,6.9,1.3,13.4,21.9,29,0.5,-7.9,8,0,15,-1.9,56.0,4.4,,216.0,58.2,66.8,13.9,24.0,2,9,7,3,0,,2.4,8.0,W,20,12,7,2,,0,,,,,202603,충청북도,영동군,공식 지점명 기반 수동 위치연결,관측지점 값은 시군구 전체 평균이 아님
136,안동,1004.7,1022.1,7.5,1.5,14.1,22.4,27,1.0,-7.0,8,0,13,-1.1,57.0,4.4,,211.9,57.1,47.9,3.4,20.9,31,8,6,1,0,,1.5,6.5,SE,13,12,7,4,0.0,0,0.0,1.0,13.0,12.0,202603,경상북도,안동시,지점명-시군구명 유일 직접연결,관측지점 값은 시군구 전체 평균이 아님
137,상주,1008.6,1020.4,8.1,1.3,14.8,23.1,27,2.0,-5.0,8,0,13,0.1,56.0,4.1,,212.2,57.2,72.4,25.5,26.8,31,8,7,3,0,,1.4,6.9,WNW,6,14,7,4,,0,,,,,202603,경상북도,상주시,지점명-시군구명 유일 직접연결,관측지점 값은 시군구 전체 평균이 아님
140,군산,1018.7,1022.1,6.5,0.7,12.3,20.1,29,1.6,-5.2,8,0,11,-2.6,70.0,4.0,,201.8,58.0,73.5,28.8,28.6,2,6,6,4,0,,2.3,9.2,WSW,9,12,4,2,,0,,,,,202603,전북특별자치도,군산시,지점명-시군구명 유일 직접연결,관측지점 값은 시군구 전체 평균이 아님
156,광주,1011.4,1020.0,9.2,1.7,16.4,24.6,29,4.0,-3.2,8,0,5,-1.8,60.0,4.1,,228.6,61.6,96.0,34.1,37.5,30,7,6,3,2,,1.8,7.6,NE,2,11,4,3,0.0,0,0.0,0.0,11.0,4.0,202603,경기도,광주시,지점명-시군구명 유일 직접연결,관측지점 값은 시군구 전체 평균이 아님
162,통영,1015.9,1019.7,9.7,1.0,15.2,20.8,28,5.3,-1.0,8,0,2,1.9,64.0,4.0,,214.5,57.8,50.6,-41.8,18.3,30,7,6,2,0,,2.4,8.2,NE,2,14,4,2,,0,,,,,202603,경상남도,통영시,지점명-시군구명 유일 직접연결,관측지점 값은 시군구 전체 평균이 아님
165,목포,1015.9,1021.4,7.5,0.6,12.5,20.7,29,3.9,-1.8,8,0,3,0.2,76.0,4.7,9.0,211.3,56.9,101.1,36.2,34.8,30,9,7,3,2,,3.5,11.9,N,9,8,7,3,3.0,0,0.0,0.0,4.0,4.0,202603,전라남도,목포시,지점명-시군구명 유일 직접연결,관측지점 값은 시군구 전체 평균이 아님
168,여수,1012.4,1020.5,9.7,1.4,14.2,21.7,28,6.4,-0.4,8,0,1,2.4,60.0,4.3,10.1,219.6,59.1,78.0,-5.9,31.2,2,7,5,3,1,,3.8,14.3,NNW,7,12,5,2,0.0,2,0.0,0.0,0.0,2.0,202603,전라남도,여수시,지점명-시군구명 유일 직접연결,관측지점 값은 시군구 전체 평균이 아님
169,흑산도,1012.4,1021.6,7.3,0.8,11.7,19.2,29,4.6,0.9,8,0,0,3.2,76.0,5.1,,219.0,59.0,119.7,68.9,42.1,2,9,6,4,2,,5.5,16.2,N,30,7,6,2,10.0,6,0.0,0.0,2.0,0.0,202603,전라남도,신안군,공식 지점명 기반 수동 위치연결,관측지점 값은 시군구 전체 평균이 아님
170,완도,1016.7,1021.0,9.2,1.4,15.7,24.2,28,4.2,-2.8,8,0,4,1.3,65.0,4.5,,199.8,53.8,115.6,11.9,34.5,2,9,8,3,2,,2.5,8.7,ESE,2,10,6,4,,0,,,,,202603,전라남도,완도군,지점명-시군구명 유일 직접연결,관측지점 값은 시군구 전체 평균이 아님
172,고창,1014.6,1021.1,6.5,0.2,13.9,22.5,29,0.8,-5.5,8,0,16,-2.8,73.0,4.4,,224.1,60.4,100.7,53.7,36.7,2,7,6,3,2,,2.3,9.0,WNW,25,7,8,3,,0,,,,,202603,전북특별자치도,고창군,지점명-시군구명 유일 직접연결,관측지점 값은 시군구 전체 평균이 아님
174,순천,999.1,1019.2,7.6,,15.0,22.6,27,0.8,-6.7,8,0,13,-2.5,62.0,4.2,,220.5,59.4,84.0,,35.5,2,9,6,3,1,,1.9,6.4,NW,7,10,4,3,,0,,,,,202603,전라남도,순천시,지점명-시군구명 유일 직접연결,관측지점 값은 시군구 전체 평균이 아님
177,홍성,1017.1,1020.6,6.6,,13.8,20.8,29,0.3,-6.1,8,0,16,-2.6,67.0,4.2,,222.2,59.9,64.7,,20.4,2,8,5,5,0,,2.0,6.6,W,6,13,4,2,,0,,,,,202603,충청남도,홍성군,지점명-시군구명 유일 직접연결,관측지점 값은 시군구 전체 평균이 아님
184,제주,1017.9,1020.5,10.7,0.9,14.6,22.8,29,7.5,1.5,8,0,0,3.3,61.0,5.5,12.0,179.9,48.4,90.5,-0.1,33.0,2,10,8,3,1,,3.0,10.1,NE,2,7,7,2,0.0,0,0.0,0.0,1.0,1.0,202603,제주특별자치도,제주시,지점명-시군구명 유일 직접연결,관측지점 값은 시군구 전체 평균이 아님
185,고산,1011.5,1020.2,10.1,0.7,13.2,20.1,24,7.5,1.9,8,0,0,4.7,70.0,4.9,,194.4,52.3,72.6,-3.6,25.8,18,9,8,1,0,,6.5,20.7,NNW,31,7,8,5,,7,,,,,202603,제주특별자치도,제주시,공식 지점명 기반 수동 위치연결,관측지점 값은 시군구 전체 평균이 아님
188,성산,1018.1,1020.5,10.7,1.2,14.9,23.3,28,6.6,0.6,8,0,0,3.3,65.0,4.9,,196.7,52.9,109.7,-29.7,43.7,2,9,7,3,1,,3.2,10.7,ESE,30,7,6,4,,0,,,,,202603,제주특별자치도,서귀포시,공식 지점명 기반 수동 위치연결,관측지점 값은 시군구 전체 평균이 아님
189,서귀포,1013.7,1020.0,12.2,1.2,16.4,21.1,27,8.4,3.1,10,0,0,5.5,62.0,4.9,,205.2,55.2,158.6,28.3,51.5,18,10,7,3,3,,2.1,8.0,ENE,2,6,7,2,0.0,0,0.0,0.0,0.0,0.0,202603,제주특별자치도,서귀포시,지점명-시군구명 유일 직접연결,관측지점 값은 시군구 전체 평균이 아님
192,진주,1017.1,1020.7,8.2,0.9,15.7,24.1,28,1.5,-5.6,8,0,11,-1.3,66.0,4.2,,221.1,59.6,78.5,0.9,31.2,2,7,5,2,2,,0.8,4.6,N,7,11,6,2,,0,,,,,202603,경상남도,진주시,지점명-시군구명 유일 직접연결,관측지점 값은 시군구 전체 평균이 아님
201,강화,1016.5,1022.5,5.7,1.1,11.3,19.6,30,0.4,-6.1,8,0,12,-3.9,66.0,4.2,,216.5,58.4,37.3,5.9,18.1,2,6,4,1,0,,2.1,6.0,WSW,19,10,7,1,,0,,,,,202603,인천광역시,강화군,지점명-시군구명 유일 직접연결,관측지점 값은 시군구 전체 평균이 아님
202,양평,1014.8,1020.6,8.6,3.2,14.8,21.6,29,2.2,-3.2,10,0,8,-1.3,57.0,3.9,,181.5,58.0,27.2,-10.8,10.2,31,5,4,1,0,,1.2,4.7,NE,13,15,7,1,,0,,,,,202603,경기도,양평군,지점명-시군구명 유일 직접연결,관측지점 값은 시군구 전체 평균이 아님
203,이천,1012.1,1022.0,7.4,2.0,14.7,22.4,29,0.8,-5.9,8,0,13,-1.8,62.0,3.9,,208.2,56.1,52.6,9.7,14.5,2,7,6,3,0,,1.1,5.1,SW,6,15,6,3,,0,,,,,202603,경기도,이천시,지점명-시군구명 유일 직접연결,관측지점 값은 시군구 전체 평균이 아님
211,인제,996.6,1021.5,5.3,1.3,12.4,21.7,29,-0.5,-7.0,8,0,16,-6.1,63.0,4.4,,178.9,48.2,31.4,-0.7,8.7,31,8,6,0,0,,1.5,6.5,NNE,12,13,9,3,,0,,,,,202603,강원특별자치도,인제군,지점명-시군구명 유일 직접연결,관측지점 값은 시군구 전체 평균이 아님
212,홍천,1004.8,1022.0,6.4,2.0,13.8,21.5,30,0.0,-6.2,8,0,15,-2.9,54.0,4.0,,205.7,55.5,36.2,-0.5,11.9,5,7,6,1,0,,0.9,4.8,ENE,12,14,6,1,,0,,,,,202603,강원특별자치도,홍천군,지점명-시군구명 유일 직접연결,관측지점 값은 시군구 전체 평균이 아님
216,태백,936.1,1021.6,3.3,0.9,9.6,19.5,30,-2.4,-10.2,8,0,23,-4.8,67.0,4.7,,174.4,47.0,84.7,29.9,25.5,31,11,8,3,0,,1.4,5.9,NE,23,11,8,3,,0,,,,,202603,강원특별자치도,태백시,지점명-시군구명 유일 직접연결,관측지점 값은 시군구 전체 평균이 아님
217,정선군,983.8,1022.0,5.2,0.6,13.0,22.9,29,-1.3,-8.3,8,0,20,-4.2,62.0,4.5,,175.0,47.2,43.8,6.8,14.6,31,9,8,1,0,,1.2,5.4,S,8,10,7,5,,0,,,,,202603,강원특별자치도,정선군,지점명-시군구명 유일 직접연결,관측지점 값은 시군구 전체 평균이 아님
221,제천,989.0,1021.5,5.4,1.6,12.6,20.8,29,-1.7,-7.9,8,0,21,-4.9,64.0,4.0,,215.0,57.9,43.1,-6.6,17.2,31,7,6,1,0,,1.6,6.7,NE,2,15,9,4,,0,,,,,202603,충청북도,제천시,지점명-시군구명 유일 직접연결,관측지점 값은 시군구 전체 평균이 아님
226,보은,1000.4,1021.5,6.5,1.7,13.7,21.9,29,-0.3,-7.1,8,0,18,-5.7,64.0,4.1,,204.2,55.0,55.1,7.6,20.1,31,7,6,2,0,,1.1,5.3,W,7,13,8,3,,0,,,,,202603,충청북도,보은군,지점명-시군구명 유일 직접연결,관측지점 값은 시군구 전체 평균이 아님
235,보령,1019.7,1021.0,6.5,1.0,13.5,20.1,31,0.7,-5.2,8,0,15,-2.3,70.0,4.2,,216.8,58.4,76.0,34.0,30.1,2,9,5,4,1,,1.6,6.8,NE,2,11,6,2,,0,,,,,202603,충청남도,보령시,지점명-시군구명 유일 직접연결,관측지점 값은 시군구 전체 평균이 아님
236,부여,1020.0,1021.7,6.9,1.2,14.7,21.7,26,0.4,-6.1,8,0,16,-3.0,68.0,4.1,,210.9,58.8,71.6,20.7,22.3,2,8,6,3,0,,1.0,5.6,W,9,11,4,2,,0,,,,,202603,충청남도,부여군,지점명-시군구명 유일 직접연결,관측지점 값은 시군구 전체 평균이 아님
238,금산,1000.0,1020.9,7.0,1.8,14.5,22.8,29,0.3,-6.6,8,0,16,-4.1,64.0,4.0,,203.4,54.8,71.0,18.7,26.4,2,8,6,3,0,,1.0,4.6,E,2,13,5,3,,0,,,,,202603,충청남도,금산군,지점명-시군구명 유일 직접연결,관측지점 값은 시군구 전체 평균이 아님
239,세종,1010.0,1021.0,7.4,,14.1,21.7,29,1.7,-5.2,8,0,12,-2.2,61.0,3.9,,197.5,53.2,75.6,,20.4,31,8,7,4,0,,1.5,6.3,NNW,12,14,5,3,,0,,,,,202603,세종특별자치시,세종특별자치시,지점명-시군구명 유일 직접연결,관측지점 값은 시군구 전체 평균이 아님
243,부안,1020.2,1021.7,7.0,1.1,13.5,21.2,29,1.9,-4.0,8,0,9,-2.4,72.0,4.2,,218.7,58.9,91.5,44.2,33.1,2,7,6,3,1,,1.4,5.3,WNW,27,10,7,2,,0,,,,,202603,전북특별자치도,부안군,지점명-시군구명 유일 직접연결,관측지점 값은 시군구 전체 평균이 아님
244,임실,990.8,1020.9,6.7,2.1,14.6,22.1,29,0.2,-7.2,8,0,17,-4.7,67.0,4.3,,213.8,57.6,75.4,21.6,27.2,2,8,6,2,0,,1.1,7.0,S,2,12,6,2,,0,,,,,202603,전북특별자치도,임실군,지점명-시군구명 유일 직접연결,관측지점 값은 시군구 전체 평균이 아님
245,정읍,1012.9,1021.4,7.1,0.7,14.1,22.3,29,1.5,-5.8,8,0,11,-2.3,68.0,4.1,,226.6,61.1,95.7,39.7,34.1,2,6,6,2,2,,1.8,7.1,N,31,12,6,3,,0,,,,,202603,전북특별자치도,정읍시,지점명-시군구명 유일 직접연결,관측지점 값은 시군구 전체 평균이 아님
247,남원,1004.3,1020.7,7.7,1.8,15.2,22.9,27,1.2,-6.3,8,0,10,-1.0,64.0,4.2,,225.1,60.6,64.8,8.1,22.9,2,7,6,2,0,,2.0,11.1,E,2,12,6,2,,0,,,,,202603,전북특별자치도,남원시,지점명-시군구명 유일 직접연결,관측지점 값은 시군구 전체 평균이 아님
248,장수,972.0,1021.4,5.4,1.1,13.5,21.2,29,-1.5,-8.3,8,0,21,-5.0,67.0,4.4,,211.9,57.1,68.1,3.6,26.2,2,8,5,2,0,,1.3,6.7,NE,30,13,6,2,,0,,,,,202603,전북특별자치도,장수군,지점명-시군구명 유일 직접연결,관측지점 값은 시군구 전체 평균이 아님
251,고창군,1013.8,1021.1,6.8,,14.3,22.0,29,1.0,-5.4,8,0,17,-2.6,71.0,4.1,,216.8,58.4,96.5,,33.3,2,8,6,3,2,,1.5,6.6,NNW,9,11,6,3,,0,,,,,202603,전북특별자치도,고창군,지점명-시군구명 유일 직접연결,관측지점 값은 시군구 전체 평균이 아님
252,영광군,1017.0,1021.7,6.5,0.5,13.2,21.8,29,1.0,-5.1,8,0,14,-1.1,74.0,4.4,,219.8,61.2,114.0,55.8,40.4,30,8,6,3,2,,1.4,6.7,N,31,8,8,4,,0,,,,,202603,전라남도,영광군,지점명-시군구명 유일 직접연결,관측지점 값은 시군구 전체 평균이 아님
253,김해시,1014.3,1021.0,9.7,0.4,16.5,23.5,27,4.7,-1.8,8,0,2,1.8,59.0,4.3,,156.7,56.2,49.4,-35.2,16.7,2,8,4,3,0,,1.5,7.0,WNW,6,10,6,1,,0,,,,,202603,경상남도,김해시,지점명-시군구명 유일 직접연결,관측지점 값은 시군구 전체 평균이 아님
254,순창군,1005.6,1021.5,7.4,1.1,15.0,22.6,29,0.7,-6.4,8,0,14,-2.9,62.0,4.2,,233.4,62.9,80.0,17.9,29.4,30,7,6,2,0,,1.8,7.9,ENE,19,13,5,2,,0,,,,,202603,전북특별자치도,순창군,지점명-시군구명 유일 직접연결,관측지점 값은 시군구 전체 평균이 아님
257,양산시,1018.6,1019.5,10.0,1.1,16.5,24.7,27,4.8,-1.7,8,0,2,1.6,64.0,4.4,,188.2,50.7,49.5,-33.6,17.7,2,7,4,2,0,,2.0,6.8,ENE,2,10,6,2,,0,,,,,202603,경상남도,양산시,지점명-시군구명 유일 직접연결,관측지점 값은 시군구 전체 평균이 아님
258,보성군,1020.9,1021.1,9.0,,15.4,23.7,28,2.7,-3.7,8,0,9,0.1,65.0,4.3,,224.1,60.3,82.3,,29.1,2,7,6,3,0,,3.0,9.6,E,2,10,6,3,,0,,,,,202603,전라남도,보성군,지점명-시군구명 유일 직접연결,관측지점 값은 시군구 전체 평균이 아님
259,강진군,1018.9,1020.9,8.5,1.4,15.7,23.3,28,2.4,-4.2,8,0,9,-1.1,69.0,4.5,,193.6,52.1,93.8,13.4,30.9,2,10,7,3,1,,1.7,7.2,E,2,11,8,2,,0,,,,,202603,전라남도,강진군,지점명-시군구명 유일 직접연결,관측지점 값은 시군구 전체 평균이 아님
260,장흥,1015.5,1020.9,8.0,1.2,15.5,24.1,28,1.3,-5.2,10,0,13,-3.1,68.0,4.5,,212.0,57.1,76.0,-2.7,27.0,30,9,6,3,0,,2.1,8.7,SE,2,10,8,3,,0,,,,,202603,전라남도,장흥군,지점명-시군구명 유일 직접연결,관측지점 값은 시군구 전체 평균이 아님
261,해남,1019.4,1021.5,7.6,0.9,14.4,21.0,28,1.4,-5.1,8,0,14,-2.7,74.0,4.6,,199.9,53.9,80.1,1.8,26.7,30,8,7,3,0,,2.8,16.0,E,2,10,8,3,,1,,,,,202603,전라남도,해남군,지점명-시군구명 유일 직접연결,관측지점 값은 시군구 전체 평균이 아님
262,고흥,1014.1,1020.5,8.5,1.1,15.6,24.1,28,1.8,-6.2,8,0,11,1.2,67.0,4.1,,209.2,56.3,89.1,2.4,32.4,2,10,6,3,1,,1.8,7.9,WNW,7,12,7,4,,0,,,,,202603,전라남도,고흥군,지점명-시군구명 유일 직접연결,관측지점 값은 시군구 전체 평균이 아님
263,의령군,1018.3,1020.1,7.3,-0.4,15.0,23.8,27,0.2,-7.4,8,0,16,-0.8,58.0,4.4,,204.8,55.2,58.6,-14.9,23.7,2,7,5,2,0,,1.6,7.6,W,6,12,7,2,,0,,,,,202603,경상남도,의령군,지점명-시군구명 유일 직접연결,관측지점 값은 시군구 전체 평균이 아님
264,함양군,1002.3,1020.9,7.8,0.8,15.5,23.6,26,0.6,-6.9,8,0,15,-0.9,57.0,4.5,,207.2,55.8,81.7,21.2,38.2,2,7,4,2,1,,1.6,6.0,WNW,27,12,7,2,,0,,,,,202603,경상남도,함양군,지점명-시군구명 유일 직접연결,관측지점 값은 시군구 전체 평균이 아님
266,광양시,1010.0,1020.7,9.8,,15.7,25.3,27,5.1,-2.8,8,1,3,6.0,61.0,4.2,,215.9,58.1,63.1,,28.2,2,6,6,2,0,,1.9,8.0,ENE,2,10,5,3,,0,,,,,202603,전라남도,광양시,지점명-시군구명 유일 직접연결,관측지점 값은 시군구 전체 평균이 아님
268,진도군,1019.0,1020.2,7.4,0.4,13.1,19.5,27,2.3,-4.2,11,0,7,1.7,75.0,4.7,,204.2,55.0,99.5,23.6,28.6,18,9,8,3,0,,2.3,7.8,NW,9,10,5,2,,0,,,,,202603,전라남도,진도군,지점명-시군구명 유일 직접연결,관측지점 값은 시군구 전체 평균이 아님
271,봉화,982.1,1021.8,4.8,1.1,12.3,20.9,27,-2.2,-9.1,8,0,23,-4.7,64.0,4.2,,201.1,54.2,36.8,-9.8,15.9,31,8,6,1,0,,1.3,6.5,NNE,13,11,7,3,,0,,,,,202603,경상북도,봉화군,지점명-시군구명 유일 직접연결,관측지점 값은 시군구 전체 평균이 아님
272,영주,995.3,1021.1,6.7,1.3,13.2,21.3,27,0.3,-6.8,8,0,15,-1.7,60.0,4.3,,195.7,54.4,45.0,-8.3,14.4,31,7,6,2,0,,2.3,10.4,NW,6,13,7,4,,0,,,,,202603,경상북도,영주시,지점명-시군구명 유일 직접연결,관측지점 값은 시군구 전체 평균이 아님
273,문경,999.3,1020.5,7.7,1.9,14.0,22.2,27,1.5,-5.7,8,0,13,-2.8,58.0,4.2,,200.8,54.1,58.0,9.3,18.0,31,7,6,3,0,,1.7,6.0,WNW,27,14,7,4,,0,,,,,202603,경상북도,문경시,지점명-시군구명 유일 직접연결,관측지점 값은 시군구 전체 평균이 아님
276,청송군,995.2,1020.8,5.8,0.6,13.6,22.3,29,-1.2,-8.5,8,0,21,-3.6,62.0,4.4,,191.0,51.5,50.9,4.5,20.2,31,8,6,2,0,,1.8,7.6,W,20,10,6,4,,0,,,,,202603,경상북도,청송군,지점명-시군구명 유일 직접연결,관측지점 값은 시군구 전체 평균이 아님
277,영덕,1016.0,1021.0,7.9,0.9,12.9,23.2,27,3.1,-2.3,8,0,4,1.2,68.0,4.6,,184.1,49.6,69.0,19.9,34.3,31,9,8,1,1,,2.8,12.7,NE,23,12,8,4,,0,,,,,202603,경상북도,영덕군,지점명-시군구명 유일 직접연결,관측지점 값은 시군구 전체 평균이 아님
278,의성,1010.3,1020.3,7.2,1.9,14.9,23.2,27,0.0,-7.6,8,0,16,-3.8,64.0,4.2,,191.9,51.7,41.4,-0.1,15.0,31,7,5,2,0,,1.1,5.7,WNW,20,14,8,3,,0,,,,,202603,경상북도,의성군,지점명-시군구명 유일 직접연결,관측지점 값은 시군구 전체 평균이 아님
279,구미,1014.8,1020.8,8.8,1.7,15.5,24.5,27,2.7,-5.0,8,0,7,0.2,55.0,4.2,,196.6,53.0,56.6,8.9,20.8,31,6,5,3,0,,1.3,4.6,NW,7,12,7,3,,0,,,,,202603,경상북도,구미시,지점명-시군구명 유일 직접연결,관측지점 값은 시군구 전체 평균이 아님
281,영천,1009.4,1021.3,7.8,1.2,14.7,23.3,27,1.4,-6.2,8,0,12,-1.7,64.0,4.3,,173.6,50.0,46.5,-3.5,16.8,31,7,4,2,0,,1.6,7.7,WNW,6,11,6,4,,0,,,,,202603,경상북도,영천시,지점명-시군구명 유일 직접연결,관측지점 값은 시군구 전체 평균이 아님
283,경주시,1016.1,1021.1,8.1,0.7,14.8,24.6,27,2.1,-4.3,8,0,7,-1.2,67.0,4.6,,190.8,51.4,55.9,-3.8,22.0,31,8,7,2,0,,2.5,9.2,NNE,13,11,7,5,,0,,,,,202603,경상북도,경주시,지점명-시군구명 유일 직접연결,관측지점 값은 시군구 전체 평균이 아님
284,거창,992.0,1019.8,7.2,1.3,15.3,23.9,28,-0.2,-8.4,8,0,17,-2.3,63.0,4.4,,203.7,54.9,70.0,14.6,26.8,30,6,4,2,0,,1.7,7.0,NW,6,11,7,2,,0,,,,,202603,경상남도,거창군,지점명-시군구명 유일 직접연결,관측지점 값은 시군구 전체 평균이 아님
285,합천,1017.4,1020.7,8.8,1.5,16.3,25.3,27,2.2,-5.4,8,1,9,-0.3,65.0,4.4,,207.8,56.0,74.1,20.1,32.0,2,6,4,3,1,,0.9,4.9,NE,31,11,7,2,,0,,,,,202603,경상남도,합천군,지점명-시군구명 유일 직접연결,관측지점 값은 시군구 전체 평균이 아님
288,밀양,1018.2,1019.2,9.3,1.6,16.4,24.9,27,2.7,-4.5,8,0,7,1.8,61.0,4.4,,206.5,55.6,44.4,-14.6,16.6,2,6,6,3,0,,1.5,6.7,SSE,28,12,7,2,,0,,,,,202603,경상남도,밀양시,지점명-시군구명 유일 직접연결,관측지점 값은 시군구 전체 평균이 아님
289,산청,1004.5,1021.4,8.0,1.1,15.4,24.2,28,1.5,-6.0,8,0,12,0.3,63.0,4.5,,204.3,55.1,85.0,18.2,37.1,30,8,4,3,2,,1.5,7.4,W,6,11,7,1,,0,,,,,202603,경상남도,산청군,지점명-시군구명 유일 직접연결,관측지점 값은 시군구 전체 평균이 아님
294,거제,1015.4,1020.9,9.3,0.9,14.5,21.2,27,4.8,-1.4,8,0,1,1.1,65.0,4.2,,197.7,53.3,60.4,-51.8,22.1,2,8,6,2,0,,1.3,5.4,SSW,27,13,5,2,,0,,,,,202603,경상남도,거제시,지점명-시군구명 유일 직접연결,관측지점 값은 시군구 전체 평균이 아님
295,남해,1015.0,1020.6,9.2,1.0,14.8,23.1,27,4.8,-1.6,8,0,2,1.1,65.0,4.2,,203.5,54.8,91.9,-21.2,41.7,2,8,6,3,2,,1.4,6.0,NW,9,11,5,2,,0,,,,,202603,경상남도,남해군,지점명-시군구명 유일 직접연결,관측지점 값은 시군구 전체 평균이 아님
90,속초,1010.1,1012.2,13.3,1.4,18.2,25.5,26,8.8,4.5,8,1,0,5.7,62.0,4.1,,262.3,66.2,32.1,-41.2,14.9,9,9,7,1,0,,2.7,10.7,W,11,9,3,0,,0,,,,,202604,강원특별자치도,속초시,지점명-시군구명 유일 직접연결,관측지점 값은 시군구 전체 평균이 아님
93,북춘천,1001.9,1013.3,13.2,,21.5,30.3,19,5.4,-0.9,8,10,2,2.9,59.0,4.7,13.9,263.5,66.6,48.0,,18.7,9,8,8,1,0,,1.4,7.3,SSW,27,9,5,2,,0,,,,,202604,강원특별자치도,춘천시,지점명-시군구명 유일 직접연결,관측지점 값은 시군구 전체 평균이 아님
95,철원,995.1,1013.6,12.8,2.3,20.4,29.3,19,4.9,-2.7,7,8,2,1.1,59.0,4.2,,257.8,65.1,47.3,-21.7,21.8,9,8,5,3,0,,1.5,8.4,NNE,15,9,3,2,,0,,,,,202604,강원특별자치도,철원군,지점명-시군구명 유일 직접연결,관측지점 값은 시군구 전체 평균이 아님
98,동두천,999.4,1013.1,13.8,2.2,21.8,30.8,19,6.6,-0.7,7,10,1,1.9,52.0,4.2,,242.3,61.2,30.8,-42.4,16.1,9,6,5,1,0,,1.3,6.2,WNW,7,10,3,2,,0,,,,,202604,경기도,동두천시,지점명-시군구명 유일 직접연결,관측지점 값은 시군구 전체 평균이 아님
99,파주,1010.2,1013.9,12.5,1.7,20.5,28.8,19,5.1,-3.0,7,8,2,1.5,62.0,4.1,,245.8,62.1,29.3,-44.9,17.7,9,6,5,1,0,,1.5,5.1,E,14,9,3,1,,0,,,,,202604,경기도,파주시,지점명-시군구명 유일 직접연결,관측지점 값은 시군구 전체 평균이 아님
100,대관령,923.5,1012.9,9.2,2.2,16.3,25.4,18,1.9,-4.4,24,1,7,-1.6,61.0,4.6,,271.8,68.8,51.6,-41.9,15.7,9,10,6,2,0,,3.2,12.1,W,20,9,6,0,,0,,,,,202604,강원특별자치도,평창군,공식 지점명 기반 수동 위치연결,관측지점 값은 시군구 전체 평균이 아님
101,춘천,1003.2,1012.3,13.7,2.0,21.5,30.3,19,6.1,-0.5,8,10,2,1.0,57.0,,13.1,235.7,59.6,47.9,-23.6,20.4,9,8,8,1,0,,1.7,7.2,ENE,15,11,4,2,,0,,,,,202604,강원특별자치도,춘천시,지점명-시군구명 유일 직접연결,관측지점 값은 시군구 전체 평균이 아님
102,백령도,1008.1,1012.4,10.8,1.7,15.3,22.0,14,7.3,3.2,8,0,0,3.0,67.0,4.5,,254.1,64.2,14.0,-33.5,7.0,9,6,4,0,0,,3.1,8.2,NW,20,7,3,2,10.0,0,0.0,0.0,1.0,0.0,202604,인천광역시,옹진군,공식 지점명 기반 수동 위치연결,관측지점 값은 시군구 전체 평균이 아님
104,북강릉,1002.0,1011.0,13.7,,19.1,26.3,20,8.4,3.8,7,4,0,3.5,62.0,4.5,13.4,250.0,63.2,30.9,,11.4,9,7,6,1,0,,1.9,8.6,W,11,8,3,0,1.0,0,0.0,0.0,0.0,0.0,202604,강원특별자치도,강릉시,지점명-시군구명 유일 직접연결,관측지점 값은 시군구 전체 평균이 아님
105,강릉,1009.0,1012.3,15.0,1.9,19.9,27.2,18,10.0,5.4,1,4,0,4.9,54.0,,13.9,244.6,61.8,31.9,-50.0,10.5,4,7,5,1,0,,2.2,7.9,SW,9,9,5,0,,0,,,,,202604,강원특별자치도,강릉시,지점명-시군구명 유일 직접연결,관측지점 값은 시군구 전체 평균이 아님
106,동해,1007.7,1012.6,13.8,1.6,18.8,25.3,20,9.1,4.2,8,1,0,3.5,61.0,4.4,,235.0,59.5,27.0,-45.3,16.9,4,6,5,1,0,,2.5,9.3,NNE,27,9,6,1,,0,,,,,202604,강원특별자치도,동해시,지점명-시군구명 유일 직접연결,관측지점 값은 시군구 전체 평균이 아님
114,원주,995.3,1013.1,14.1,1.9,21.1,28.9,19,7.3,0.7,7,9,0,0.7,54.0,5.0,,221.2,56.0,42.2,-30.8,14.1,9,8,5,2,0,,1.4,5.6,NE,23,8,9,2,,0,,,,,202604,강원특별자치도,원주시,지점명-시군구명 유일 직접연결,관측지점 값은 시군구 전체 평균이 아님
115,울릉도,986.6,1012.8,13.5,2.4,17.1,22.0,26,10.7,5.7,7,0,0,7.3,69.0,5.0,13.0,214.9,54.4,114.7,16.9,57.5,4,5,4,2,2,,4.0,15.6,WNW,20,7,9,2,6.0,2,0.0,0.0,0.0,0.0,202604,경상북도,울릉군,공식 지점명 기반 수동 위치연결,관측지점 값은 시군구 전체 평균이 아님
121,영월,985.0,1013.4,13.1,1.6,21.7,30.5,19,5.3,-1.9,8,12,2,1.2,57.0,5.0,,228.7,57.9,53.8,-19.7,20.8,4,7,5,2,0,,1.6,6.8,ENE,23,6,8,2,,0,,,,,202604,강원특별자치도,영월군,지점명-시군구명 유일 직접연결,관측지점 값은 시군구 전체 평균이 아님
127,충주,999.0,1012.7,13.7,1.8,21.2,28.6,19,6.2,-1.0,8,9,1,3.2,53.0,5.1,,218.4,57.4,47.5,-26.3,20.3,4,6,6,2,0,,1.4,5.8,NE,23,7,9,2,,0,,,,,202604,충청북도,충주시,지점명-시군구명 유일 직접연결,관측지점 값은 시군구 전체 평균이 아님
129,서산,1010.7,1013.8,12.5,1.6,19.4,26.7,19,6.0,-0.9,8,4,1,1.7,63.0,,12.3,240.4,61.0,30.6,-44.1,16.9,9,7,3,1,0,,2.1,7.1,WNW,4,8,7,1,,0,,,,,202604,충청남도,서산시,지점명-시군구명 유일 직접연결,관측지점 값은 시군구 전체 평균이 아님
130,울진,1007.0,1012.8,13.8,1.7,18.4,27.1,20,8.7,2.4,8,1,0,6.1,63.0,4.8,,244.5,62.0,39.2,-37.2,31.8,4,5,3,1,1,,2.4,7.8,W,23,7,7,1,,0,,,,,202604,경상북도,울진군,지점명-시군구명 유일 직접연결,관측지점 값은 시군구 전체 평균이 아님
135,추풍령,984.2,1013.1,13.3,1.3,19.8,25.9,19,6.2,-2.3,8,6,1,4.2,55.0,5.4,,189.4,53.6,67.3,-13.0,39.7,4,8,4,3,1,,2.4,9.2,W,10,7,10,3,,0,,,,,202604,충청북도,영동군,공식 지점명 기반 수동 위치연결,관측지점 값은 시군구 전체 평균이 아님
136,안동,997.2,1014.0,13.9,1.5,21.0,28.0,19,6.7,-1.4,8,6,1,4.4,55.0,5.2,,224.6,57.0,63.4,-10.6,35.1,4,5,5,3,1,,1.7,6.8,WNW,11,7,8,1,1.0,0,1.0,0.0,1.0,1.0,202604,경상북도,안동시,지점명-시군구명 유일 직접연결,관측지점 값은 시군구 전체 평균이 아님
137,상주,1001.0,1012.5,14.3,1.4,21.3,28.1,15,7.8,1.3,8,6,0,5.2,55.0,5.3,,213.0,55.9,66.9,-19.7,39.1,4,6,5,2,1,,1.3,6.0,WNW,11,8,11,3,,0,,,,,202604,경상북도,상주시,지점명-시군구명 유일 직접연결,관측지점 값은 시군구 전체 평균이 아님
140,군산,1011.1,1014.5,12.8,1.3,19.1,25.9,16,7.7,0.3,8,3,0,4.1,66.0,5.5,,211.0,53.6,74.1,-7.5,36.1,4,6,4,2,1,,2.5,10.5,WSW,7,8,9,3,,0,,,,,202604,전북특별자치도,군산시,지점명-시군구명 유일 직접연결,관측지점 값은 시군구 전체 평균이 아님
156,광주,1004.1,1012.4,15.3,1.9,21.7,29.1,13,9.8,1.5,8,10,0,5.6,61.0,6.1,,174.7,44.5,93.9,7.3,32.3,4,8,8,3,1,,1.9,7.2,NE,4,5,13,5,1.0,0,1.0,0.0,1.0,0.0,202604,경기도,광주시,지점명-시군구명 유일 직접연결,관측지점 값은 시군구 전체 평균이 아님
162,통영,1008.7,1012.4,15.2,1.9,20.5,25.0,19,11.2,4.9,8,2,0,7.9,65.0,6.0,,179.6,45.8,161.6,22.8,75.5,9,9,7,4,2,,2.5,11.7,SW,9,7,13,4,,0,,,,,202604,경상남도,통영시,지점명-시군구명 유일 직접연결,관측지점 값은 시군구 전체 평균이 아님
165,목포,1008.5,1013.8,13.4,1.0,18.1,24.4,16,9.8,3.4,8,0,0,6.1,73.0,6.4,14.3,162.7,41.5,101.2,20.9,48.9,9,8,6,2,2,,3.1,12.6,NNE,4,5,15,6,3.0,0,2.0,0.0,0.0,0.0,202604,전라남도,목포시,지점명-시군구명 유일 직접연결,관측지점 값은 시군구 전체 평균이 아님
168,여수,1005.4,1013.3,14.9,1.6,18.9,22.4,27,11.5,5.1,8,0,0,8.2,62.0,6.2,15.6,174.0,44.4,167.0,41.8,67.2,4,10,6,4,2,,3.5,13.9,NNW,21,4,14,4,1.0,1,0.0,0.0,0.0,0.0,202604,전라남도,여수시,지점명-시군구명 유일 직접연결,관측지점 값은 시군구 전체 평균이 아님
169,흑산도,1004.7,1013.7,12.3,1.6,16.9,21.7,25,9.0,4.3,8,0,0,8.8,75.0,6.5,,167.7,42.8,74.2,-14.6,31.1,9,7,5,3,1,,4.9,20.6,SE,9,4,15,3,10.0,2,1.0,0.0,0.0,0.0,202604,전라남도,신안군,공식 지점명 기반 수동 위치연결,관측지점 값은 시군구 전체 평균이 아님
170,완도,1009.5,1013.7,14.5,1.6,20.3,25.7,15,9.8,2.7,8,1,0,8.6,69.0,6.4,,152.6,39.0,208.3,66.6,81.8,9,15,9,4,2,,2.7,11.1,SE,9,7,18,6,,0,,,,,202604,전라남도,완도군,지점명-시군구명 유일 직접연결,관측지점 값은 시군구 전체 평균이 아님
172,고창,1007.1,1013.4,13.1,1.2,19.5,26.0,13,7.3,-0.8,8,3,1,4.8,71.0,6.1,,182.8,46.5,76.3,-7.5,40.4,4,8,5,3,1,,2.6,15.1,ESE,9,6,15,4,,1,,,,,202604,전북특별자치도,고창군,지점명-시군구명 유일 직접연결,관측지점 값은 시군구 전체 평균이 아님
174,순천,992.3,1011.9,13.2,,20.4,26.5,15,6.9,-1.4,8,4,1,4.7,65.0,6.2,,170.9,43.6,127.9,,59.5,9,11,8,3,2,,1.7,6.3,WNW,20,6,17,5,,0,,,,,202604,전라남도,순천시,지점명-시군구명 유일 직접연결,관측지점 값은 시군구 전체 평균이 아님
177,홍성,1009.1,1012.4,13.4,,21.0,28.9,19,6.3,-1.2,8,9,2,4.0,61.0,5.0,,243.6,61.8,47.5,,20.5,9,8,5,2,0,,2.0,7.2,WNW,7,8,9,1,,0,,,,,202604,충청남도,홍성군,지점명-시군구명 유일 직접연결,관측지점 값은 시군구 전체 평균이 아님
184,제주,1010.5,1013.0,15.4,1.2,19.6,24.4,6,11.9,5.9,8,0,0,8.8,68.0,7.1,16.3,128.9,33.0,129.2,39.5,31.7,9,16,14,6,1,,3.0,10.4,SSW,9,3,18,5,0.0,0,2.0,0.0,0.0,0.0,202604,제주특별자치도,제주시,지점명-시군구명 유일 직접연결,관측지점 값은 시군구 전체 평균이 아님
185,고산,1004.5,1013.0,14.5,1.1,17.8,22.4,16,11.6,5.8,8,0,0,10.2,77.0,6.7,,126.7,32.5,149.0,54.3,63.8,9,16,12,3,1,,5.7,20.0,NW,4,5,18,7,,5,,,,,202604,제주특별자치도,제주시,공식 지점명 기반 수동 위치연결,관측지점 값은 시군구 전체 평균이 아님
188,성산,1011.0,1013.4,15.1,1.3,18.5,23.1,15,11.4,6.0,8,0,0,9.9,74.0,6.7,,140.3,35.9,252.7,91.4,78.0,9,16,15,9,1,,3.2,12.9,SE,4,4,17,9,,0,,,,,202604,제주특별자치도,서귀포시,공식 지점명 기반 수동 위치연결,관측지점 값은 시군구 전체 평균이 아님
189,서귀포,1006.9,1013.0,16.5,1.5,20.1,23.5,27,13.1,7.9,8,0,0,10.9,69.0,7.0,,141.1,36.2,274.6,87.6,69.1,9,16,14,8,4,,2.1,9.6,SSW,9,2,17,7,3.0,0,3.0,0.0,0.0,0.0,202604,제주특별자치도,서귀포시,지점명-시군구명 유일 직접연결,관측지점 값은 시군구 전체 평균이 아님
192,진주,1009.6,1013.1,14.3,1.4,21.3,27.0,13,7.7,-1.3,8,5,1,5.4,65.0,5.9,,205.2,52.3,138.3,11.9,56.9,4,10,5,3,2,,0.9,4.3,ENE,23,6,12,5,,0,,,,,202604,경상남도,진주시,지점명-시군구명 유일 직접연결,관측지점 값은 시군구 전체 평균이 아님
201,강화,1008.3,1014.0,12.2,1.5,18.3,25.0,19,6.3,-0.8,8,1,1,1.7,65.0,4.3,,238.1,60.2,23.4,-41.5,15.5,9,6,5,1,0,,2.2,6.4,WNW,20,9,3,1,,0,,,,,202604,인천광역시,강화군,지점명-시군구명 유일 직접연결,관측지점 값은 시군구 전체 평균이 아님
202,양평,1007.6,1013.3,14.0,2.0,21.1,29.1,19,7.3,0.7,7,9,0,4.2,57.0,4.5,,226.1,57.2,37.9,-34.6,19.3,9,8,7,1,0,,1.3,4.6,WSW,21,9,4,2,,0,,,,,202604,경기도,양평군,지점명-시군구명 유일 직접연결,관측지점 값은 시군구 전체 평균이 아님
203,이천,1004.3,1013.8,14.0,2.1,21.4,29.4,19,6.4,-0.5,8,9,1,2.5,59.0,4.5,,207.2,52.5,41.1,-37.4,21.9,9,8,5,1,0,,1.2,4.6,SW,4,9,5,1,,0,,,,,202604,경기도,이천시,지점명-시군구명 유일 직접연결,관측지점 값은 시군구 전체 평균이 아님
211,인제,988.7,1012.7,12.6,2.0,20.4,29.7,19,5.6,-1.0,7,7,2,0.7,58.0,4.4,,203.4,53.2,53.1,-16.7,16.6,9,9,9,1,0,,1.8,6.9,ENE,15,10,5,2,,0,,,,,202604,강원특별자치도,인제군,지점명-시군구명 유일 직접연결,관측지점 값은 시군구 전체 평균이 아님
212,홍천,996.9,1013.5,13.4,2.2,21.3,29.8,19,6.1,-1.3,7,9,2,3.9,52.0,4.6,,227.7,57.6,39.6,-35.2,23.1,9,8,7,1,0,,1.0,4.6,SSW,27,10,4,2,,0,,,,,202604,강원특별자치도,홍천군,지점명-시군구명 유일 직접연결,관측지점 값은 시군구 전체 평균이 아님
216,태백,930.3,1012.7,11.1,2.2,18.3,25.4,19,4.3,-2.6,8,1,2,0.7,52.0,4.8,,212.9,53.9,53.2,-32.6,23.1,4,7,5,2,0,,1.6,8.0,NNE,15,7,8,1,,0,,,,,202604,강원특별자치도,태백시,지점명-시군구명 유일 직접연결,관측지점 값은 시군구 전체 평균이 아님
217,정선군,976.5,1013.4,12.3,1.7,21.3,30.2,19,4.5,-1.9,8,8,3,1.8,54.0,4.9,,204.9,51.9,54.0,-27.4,22.1,4,8,6,2,0,,1.5,6.7,NNE,23,8,9,2,,0,,,,,202604,강원특별자치도,정선군,지점명-시군구명 유일 직접연결,관측지점 값은 시군구 전체 평균이 아님
221,제천,981.9,1013.3,12.0,1.5,19.7,27.1,19,4.3,-2.3,8,6,3,1.3,60.0,5.0,,225.0,57.0,58.4,-26.7,22.9,9,7,5,2,0,,1.7,6.7,NE,23,7,9,2,,0,,,,,202604,충청북도,제천시,지점명-시군구명 유일 직접연결,관측지점 값은 시군구 전체 평균이 아님
226,보은,993.2,1013.5,13.2,2.0,20.4,26.7,19,5.7,-1.6,8,6,2,0.7,60.0,5.3,,208.9,53.0,62.9,-19.3,39.8,4,6,5,2,1,,1.3,6.2,SE,9,8,11,3,,0,,,,,202604,충청북도,보은군,지점명-시군구명 유일 직접연결,관측지점 값은 시군구 전체 평균이 아님
235,보령,1011.9,1013.1,12.8,1.7,19.6,26.4,18,6.6,0.7,8,5,0,3.6,65.0,5.3,,215.7,54.8,56.0,-16.7,22.9,4,5,3,3,0,,1.7,8.3,SSW,10,6,7,1,,0,,,,,202604,충청남도,보령시,지점명-시군구명 유일 직접연결,관측지점 값은 시군구 전체 평균이 아님
236,부여,1012.2,1013.8,13.6,1.8,21.4,28.2,13,6.2,-1.2,8,8,2,3.2,63.0,5.2,,218.0,55.4,57.1,-28.2,25.9,4,7,4,2,0,,1.2,5.5,SSW,10,7,9,2,,0,,,,,202604,충청남도,부여군,지점명-시군구명 유일 직접연결,관측지점 값은 시군구 전체 평균이 아님
238,금산,992.7,1012.9,13.8,2.2,21.2,28.4,19,6.3,-1.6,8,9,2,2.3,60.0,5.6,,195.7,49.7,79.8,-4.9,43.3,4,5,4,3,1,,1.2,5.0,W,11,8,12,3,,0,,,,,202604,충청남도,금산군,지점명-시군구명 유일 직접연결,관측지점 값은 시군구 전체 평균이 아님
239,세종,1002.3,1013.0,14.0,,21.2,28.3,19,7.3,-0.5,8,8,1,4.2,55.0,5.2,,205.6,52.2,51.4,,29.2,4,5,4,2,0,,1.5,7.0,NW,7,7,8,1,,0,,,,,202604,세종특별자치시,세종특별자치시,지점명-시군구명 유일 직접연결,관측지점 값은 시군구 전체 평균이 아님
243,부안,1012.4,1013.9,13.3,1.8,19.7,26.9,25,7.8,0.7,8,3,0,4.5,67.0,5.6,,188.5,47.9,88.0,8.0,38.3,4,6,4,3,2,,1.6,8.2,SSE,9,7,10,3,,0,,,,,202604,전북특별자치도,부안군,지점명-시군구명 유일 직접연결,관측지점 값은 시군구 전체 평균이 아님
244,임실,984.0,1013.2,13.4,2.7,20.7,28.2,13,6.2,-2.1,8,6,1,3.0,65.0,6.0,,193.2,50.8,76.5,-7.1,42.6,4,7,7,2,1,,1.3,7.1,WSW,9,3,12,3,,0,,,,,202604,전북특별자치도,임실군,지점명-시군구명 유일 직접연결,관측지점 값은 시군구 전체 평균이 아님
245,정읍,1005.5,1013.7,13.7,1.3,20.4,27.3,16,7.4,-0.3,8,4,1,4.8,66.0,5.9,,194.9,49.6,74.4,-8.1,43.3,4,7,4,2,1,,1.9,8.2,SE,6,6,13,3,,0,,,,,202604,전북특별자치도,정읍시,지점명-시군구명 유일 직접연결,관측지점 값은 시군구 전체 평균이 아님
247,남원,997.3,1013.1,14.1,2.2,21.2,28.4,13,7.4,-1.9,8,7,1,6.0,64.0,6.2,,187.5,49.4,92.6,10.8,27.5,17,9,9,3,0,,1.8,8.1,ESE,23,6,15,5,,0,,,,,202604,전북특별자치도,남원시,지점명-시군구명 유일 직접연결,관측지점 값은 시군구 전체 평균이 아님
248,장수,965.8,1013.6,12.2,1.7,19.7,25.9,13,4.5,-3.5,8,4,4,1.8,65.0,5.9,,189.6,48.2,91.0,-5.6,34.5,4,8,8,3,1,,1.5,6.4,SW,10,7,11,2,,0,,,,,202604,전북특별자치도,장수군,지점명-시군구명 유일 직접연결,관측지점 값은 시군구 전체 평균이 아님
251,고창군,1006.3,1013.3,13.3,,19.9,26.6,25,7.1,-0.5,8,3,1,4.7,69.0,6.0,,174.8,44.5,73.7,,34.7,4,9,6,2,1,,1.6,11.1,SE,9,6,14,3,,0,,,,,202604,전북특별자치도,고창군,지점명-시군구명 유일 직접연결,관측지점 값은 시군구 전체 평균이 아님
252,영광군,1009.4,1013.8,12.8,1.4,19.0,25.9,13,7.5,-0.7,8,2,1,5.6,71.0,6.1,,174.7,46.1,78.2,-11.9,44.4,4,7,5,2,1,,1.5,7.1,SSE,9,5,14,4,,0,,,,,202604,전라남도,영광군,지점명-시군구명 유일 직접연결,관측지점 값은 시군구 전체 평균이 아님
253,김해시,1007.2,1013.7,15.9,1.7,22.5,28.4,13,11.0,4.2,8,10,0,8.3,60.0,5.8,,184.9,47.1,108.8,-19.6,52.7,4,10,6,3,2,,1.6,6.9,WNW,10,5,12,4,,0,,,,,202604,경상남도,김해시,지점명-시군구명 유일 직접연결,관측지점 값은 시군구 전체 평균이 아님
254,순창군,998.4,1013.8,14.1,2.1,21.0,28.2,13,7.4,-1.5,8,8,1,4.6,61.0,6.1,,194.5,49.5,114.1,9.3,39.6,4,10,9,3,1,,1.8,9.5,S,9,6,13,5,,0,,,,,202604,전북특별자치도,순창군,지점명-시군구명 유일 직접연결,관측지점 값은 시군구 전체 평균이 아님
257,양산시,1011.3,1012.0,16.4,2.7,22.7,28.1,13,11.4,3.2,8,9,0,9.0,63.0,5.8,,181.2,46.1,82.9,-43.9,35.3,4,9,7,3,1,,2.1,6.3,ENE,23,5,12,4,,0,,,,,202604,경상남도,양산시,지점명-시군구명 유일 직접연결,관측지점 값은 시군구 전체 평균이 아님
258,보성군,1013.6,1013.8,14.2,,20.3,24.9,27,8.4,0.6,8,0,0,6.5,71.0,6.2,,165.6,42.2,168.3,,83.0,9,11,5,3,2,,2.6,9.5,E,4,7,17,6,,0,,,,,202604,전라남도,보성군,지점명-시군구명 유일 직접연결,관측지점 값은 시군구 전체 평균이 아님
259,강진군,1011.6,1013.5,14.3,2.0,20.7,27.2,15,8.8,0.3,8,3,0,6.9,71.0,6.3,,144.5,36.9,129.6,4.7,64.7,9,11,8,3,2,,1.6,8.4,NW,4,7,18,6,,0,,,,,202604,전라남도,강진군,지점명-시군구명 유일 직접연결,관측지점 값은 시군구 전체 평균이 아님
260,장흥,1008.2,1013.4,13.9,1.7,20.3,26.9,15,7.9,-1.1,8,1,1,5.3,71.0,6.4,,161.2,41.1,141.0,32.5,71.2,9,12,8,3,2,,2.1,7.9,NNW,7,7,17,5,,0,,,,,202604,전라남도,장흥군,지점명-시군구명 유일 직접연결,관측지점 값은 시군구 전체 평균이 아님
261,해남,1012.0,1014.0,13.6,1.5,19.4,25.2,25,8.2,-1.2,8,1,1,4.6,75.0,6.5,,149.7,38.2,106.3,11.8,52.2,9,12,8,2,1,,2.6,10.4,E,4,6,19,6,,0,,,,,202604,전라남도,해남군,지점명-시군구명 유일 직접연결,관측지점 값은 시군구 전체 평균이 아님
262,고흥,1007.1,1013.3,14.1,1.4,20.4,25.8,15,8.0,-1.8,8,1,1,9.1,69.0,6.2,,158.0,40.3,193.5,65.3,81.7,4,13,10,3,2,,1.9,8.4,WNW,4,6,16,4,,0,,,,,202604,전라남도,고흥군,지점명-시군구명 유일 직접연결,관측지점 값은 시군구 전체 평균이 아님
263,의령군,1011.0,1012.7,14.0,1.1,21.5,27.0,27,7.0,-1.9,8,6,1,5.1,,5.6,,184.3,46.9,105.1,-13.3,43.7,4,9,6,3,1,,1.7,8.4,SW,10,7,11,3,,0,,,,,202604,경상남도,의령군,지점명-시군구명 유일 직접연결,관측지점 값은 시군구 전체 평균이 아님
264,함양군,995.4,1013.4,14.1,1.7,21.6,28.5,15,6.8,-2.3,8,7,1,5.4,56.0,5.9,,176.4,46.4,83.3,-21.4,32.8,4,9,7,3,1,,1.6,7.1,WNW,11,6,12,5,,0,,,,,202604,경상남도,함양군,지점명-시군구명 유일 직접연결,관측지점 값은 시군구 전체 평균이 아님
266,광양시,1003.0,1013.4,15.5,,21.3,26.0,27,10.5,2.9,8,4,0,8.7,61.0,6.1,,178.4,45.5,143.9,,65.7,9,8,8,3,2,,1.8,6.6,W,28,7,14,5,,0,,,,,202604,전라남도,광양시,지점명-시군구명 유일 직접연결,관측지점 값은 시군구 전체 평균이 아님
268,진도군,1011.5,1012.7,13.2,1.1,18.4,23.5,25,8.3,0.4,8,0,0,8.1,73.0,6.4,,154.4,39.4,132.2,5.7,59.0,9,13,8,3,2,,2.1,9.7,WNW,4,5,17,5,,0,,,,,202604,전라남도,진도군,지점명-시군구명 유일 직접연결,관측지점 값은 시군구 전체 평균이 아님
271,봉화,975.2,1013.6,11.4,1.5,19.9,26.4,19,3.3,-3.6,8,4,4,0.9,61.0,4.8,,222.2,56.3,65.7,-15.0,28.5,4,7,5,2,0,,1.4,6.4,NNW,23,8,7,1,,0,,,,,202604,경상북도,봉화군,지점명-시군구명 유일 직접연결,관측지점 값은 시군구 전체 평균이 아님
272,영주,988.0,1013.1,13.1,1.3,20.3,26.5,19,6.1,-0.6,8,6,1,3.8,57.0,4.8,,228.4,57.9,70.9,-23.9,35.6,4,7,6,2,1,,2.5,10.5,NW,11,7,9,1,,0,,,,,202604,경상북도,영주시,지점명-시군구명 유일 직접연결,관측지점 값은 시군구 전체 평균이 아님
273,문경,992.1,1012.6,13.8,1.6,20.7,26.6,26,7.0,0.2,8,6,0,2.4,56.0,5.0,,215.0,54.5,67.6,-21.9,39.0,4,6,5,2,1,,1.9,6.7,WNW,20,8,8,2,,0,,,,,202604,경상북도,문경시,지점명-시군구명 유일 직접연결,관측지점 값은 시군구 전체 평균이 아님
276,청송군,988.0,1012.8,12.6,1.6,20.7,27.1,27,4.9,-3.3,8,6,2,1.7,61.0,5.3,,222.8,56.6,58.5,-23.2,34.5,4,6,4,3,1,,1.9,7.9,WNW,11,8,9,1,,0,,,,,202604,경상북도,청송군,지점명-시군구명 유일 직접연결,관측지점 값은 시군구 전체 평균이 아님
277,영덕,1008.1,1013.0,13.6,1.1,19.6,26.5,18,8.0,2.4,8,2,0,6.0,64.0,5.2,,218.1,55.4,85.1,5.6,67.2,4,6,4,1,1,,2.7,12.6,NNE,23,7,10,1,,0,,,,,202604,경상북도,영덕군,지점명-시군구명 유일 직접연결,관측지점 값은 시군구 전체 평균이 아님
278,의성,1002.6,1012.3,13.7,2.0,21.6,28.0,27,6.0,-2.1,8,6,2,1.7,64.0,5.2,,201.9,51.3,66.6,-7.0,37.4,4,7,4,3,1,,1.2,6.2,NE,23,8,10,3,,0,,,,,202604,경상북도,의성군,지점명-시군구명 유일 직접연결,관측지점 값은 시군구 전체 평균이 아님
279,구미,1007.1,1013.0,14.9,1.6,22.1,28.3,27,8.3,1.3,8,6,0,5.8,56.0,5.2,,199.5,50.7,76.8,-2.2,49.8,4,8,4,2,1,,1.4,5.2,ESE,9,8,11,3,,0,,,,,202604,경상북도,구미시,지점명-시군구명 유일 직접연결,관측지점 값은 시군구 전체 평균이 아님
281,영천,1002.1,1013.5,13.9,1.2,20.8,26.2,26,7.5,-0.5,8,3,1,4.9,64.0,5.4,,202.6,51.5,67.8,-8.6,34.9,4,8,6,1,1,,1.7,7.1,NW,10,8,10,2,,0,,,,,202604,경상북도,영천시,지점명-시군구명 유일 직접연결,관측지점 값은 시군구 전체 평균이 아님
283,경주시,1008.6,1013.4,14.4,1.7,21.1,27.7,26,8.4,-0.1,8,4,1,4.8,66.0,5.6,,193.7,49.2,73.7,-22.4,39.2,4,8,6,2,1,,2.6,9.6,WNW,21,6,10,3,,0,,,,,202604,경상북도,경주시,지점명-시군구명 유일 직접연결,관측지점 값은 시군구 전체 평균이 아님
284,거창,985.1,1012.1,13.4,1.5,21.1,27.2,15,5.8,-2.6,8,6,1,3.3,63.0,5.6,,207.2,52.7,79.4,-5.4,34.5,4,8,6,3,1,,1.9,9.6,W,10,6,13,4,,0,,,,,202604,경상남도,거창군,지점명-시군구명 유일 직접연결,관측지점 값은 시군구 전체 평균이 아님
285,합천,1009.9,1013.1,15.0,1.8,22.0,27.7,15,8.3,0.1,8,8,0,6.6,65.0,5.6,,191.5,50.5,101.9,20.0,39.9,4,7,6,3,2,,1.0,4.6,ENE,23,8,11,4,,0,,,,,202604,경상남도,합천군,지점명-시군구명 유일 직접연결,관측지점 값은 시군구 전체 평균이 아님
288,밀양,1010.6,1011.6,15.8,2.6,22.8,27.9,15,9.6,0.8,8,9,0,8.8,62.0,5.5,,204.0,51.9,102.1,11.6,40.6,4,9,6,4,1,,1.6,6.9,NW,7,6,10,3,,0,,,,,202604,경상남도,밀양시,지점명-시군구명 유일 직접연결,관측지점 값은 시군구 전체 평균이 아님
289,산청,997.4,1013.8,14.2,1.4,21.3,27.8,15,7.5,-1.4,8,6,1,5.6,64.0,5.9,,198.0,50.4,123.0,16.5,54.5,4,9,7,2,2,,1.6,8.3,NNE,9,7,12,4,,0,,,,,202604,경상남도,산청군,지점명-시군구명 유일 직접연결,관측지점 값은 시군구 전체 평균이 아님
294,거제,1008.3,1013.6,14.9,1.5,19.9,25.4,27,10.6,4.3,8,2,0,6.9,66.0,6.0,,182.8,46.6,154.9,-22.3,72.3,9,11,8,4,2,,1.5,6.0,SSW,2,5,13,5,,0,,,,,202604,경상남도,거제시,지점명-시군구명 유일 직접연결,관측지점 값은 시군구 전체 평균이 아님
295,남해,1007.8,1013.2,15.1,1.6,20.6,25.8,27,10.5,4.3,8,1,0,6.7,62.0,6.0,,171.1,43.6,209.6,29.9,84.3,9,9,7,4,3,,1.5,6.1,WNW,4,6,13,4,,0,,,,,202604,경상남도,남해군,지점명-시군구명 유일 직접연결,관측지점 값은 시군구 전체 평균이 아님
90,속초,1009.4,1011.5,18.3,2.0,22.8,32.7,30,14.4,8.7,4,8,0,12.5,65.0,5.0,,246.8,55.9,134.1,45.6,51.7,20,8,5,4,2,,2.5,8.8,W,30,10,9,5,,0,,,,,202605,강원특별자치도,속초시,지점명-시군구명 유일 직접연결,관측지점 값은 시군구 전체 평균이 아님
93,북춘천,1001.2,1012.5,18.3,,25.7,31.7,16,11.6,3.7,5,16,0,10.2,68.0,4.4,19.7,270.3,61.3,100.5,,54.7,20,9,6,3,1,,1.2,7.1,NW,8,13,8,3,,0,,,,,202605,강원특별자치도,춘천시,지점명-시군구명 유일 직접연결,관측지점 값은 시군구 전체 평균이 아님
95,철원,994.6,1012.8,17.8,1.2,24.3,30.2,14,11.6,4.2,5,15,0,8.6,69.0,4.5,,257.6,58.3,98.6,-3.8,50.8,20,12,8,2,1,,1.5,6.1,WNW,8,12,8,3,,0,,,,,202605,강원특별자치도,철원군,지점명-시군구명 유일 직접연결,관측지점 값은 시군구 전체 평균이 아님
98,동두천,998.7,1012.2,18.4,1.0,25.4,31.0,14,12.2,5.6,5,15,0,8.9,62.0,4.4,,236.5,53.6,105.1,9.9,56.6,20,12,9,3,1,,1.1,8.3,WNW,8,12,8,4,,0,,,,,202605,경기도,동두천시,지점명-시군구명 유일 직접연결,관측지점 값은 시군구 전체 평균이 아님
99,파주,1009.4,1013.0,17.4,0.6,24.4,30.7,14,11.0,3.9,9,14,0,7.9,73.0,4.2,,242.1,54.9,93.6,-8.4,55.1,20,12,9,2,1,,1.3,6.2,NNW,8,14,8,4,,0,,,,,202605,경기도,파주시,지점명-시군구명 유일 직접연결,관측지점 값은 시군구 전체 평균이 아님
100,대관령,924.5,1012.1,14.6,2.1,21.1,28.6,18,8.2,-0.5,9,10,1,5.3,70.0,4.8,,264.1,60.0,125.0,16.8,55.4,20,10,6,3,2,,2.7,9.8,W,8,11,9,4,,0,,,,,202605,강원특별자치도,평창군,공식 지점명 기반 수동 위치연결,관측지점 값은 시군구 전체 평균이 아님
101,춘천,1002.6,1011.4,18.6,1.0,25.6,31.4,16,12.0,4.6,5,17,0,8.1,65.0,,18.6,257.1,58.3,104.8,5.4,54.7,20,10,6,4,1,,1.6,8.2,W,8,12,8,3,,0,,,,,202605,강원특별자치도,춘천시,지점명-시군구명 유일 직접연결,관측지점 값은 시군구 전체 평균이 아님
102,백령도,1007.0,1011.3,15.5,1.0,19.5,26.8,30,12.2,7.9,3,2,0,9.3,78.0,4.7,,229.3,52.0,75.6,1.3,47.6,20,11,7,2,1,,2.8,8.6,NNW,3,11,6,5,10.0,0,0.0,0.0,0.0,0.0,202605,인천광역시,옹진군,공식 지점명 기반 수동 위치연결,관측지점 값은 시군구 전체 평균이 아님
104,북강릉,1001.5,1010.3,19.0,,24.0,32.7,30,13.9,7.9,9,13,0,10.2,66.0,4.8,18.6,235.6,57.3,148.6,,63.0,20,8,5,4,2,,1.7,7.5,WSW,30,10,10,5,1.0,0,0.0,0.0,0.0,0.0,202605,강원특별자치도,강릉시,지점명-시군구명 유일 직접연결,관측지점 값은 시군구 전체 평균이 아님
105,강릉,1008.3,1011.5,20.4,2.5,25.0,33.6,31,16.0,9.4,4,16,0,12.4,58.0,,19.3,242.7,57.0,144.9,65.7,60.1,20,7,4,4,2,,2.1,6.8,WNW,8,10,10,5,,0,,,,,202605,강원특별자치도,강릉시,지점명-시군구명 유일 직접연결,관측지점 값은 시군구 전체 평균이 아님
106,동해,1007.1,1011.8,18.7,2.1,23.7,33.6,30,14.8,8.9,9,12,0,10.4,65.0,4.6,,257.6,58.5,102.3,39.0,61.5,20,6,4,2,1,,2.3,8.3,NNE,22,12,11,5,,0,,,,,202605,강원특별자치도,동해시,지점명-시군구명 유일 직접연결,관측지점 값은 시군구 전체 평균이 아님
114,원주,994.6,1012.1,19.3,1.4,26.1,32.4,26,13.1,5.3,5,18,0,8.1,63.0,4.2,,264.7,60.2,93.6,7.5,55.7,20,11,9,2,1,,1.3,6.2,WNW,8,13,8,2,,0,,,,,202605,강원특별자치도,원주시,지점명-시군구명 유일 직접연결,관측지점 값은 시군구 전체 평균이 아님
115,울릉도,986.2,1011.9,18.0,2.2,21.3,29.8,31,14.9,9.3,4,4,0,12.3,71.0,4.5,17.1,247.6,56.3,144.7,36.2,48.7,21,10,7,5,2,,4.3,12.2,NE,22,10,6,3,5.0,0,0.0,0.0,0.0,0.0,202605,경상북도,울릉군,공식 지점명 기반 수동 위치연결,관측지점 값은 시군구 전체 평균이 아님
121,영월,984.6,1012.5,18.1,1.1,26.3,32.9,18,10.7,2.8,5,19,0,7.5,66.0,4.3,,230.8,54.3,86.8,8.4,52.1,20,8,6,3,1,,1.5,9.0,W,8,15,8,5,,0,,,,,202605,강원특별자치도,영월군,지점명-시군구명 유일 직접연결,관측지점 값은 시군구 전체 평균이 아님
127,충주,998.2,1011.6,19.0,1.5,26.4,32.0,31,11.9,2.9,5,19,0,9.1,60.0,4.4,,253.1,57.7,74.8,-12.6,49.8,20,8,5,2,1,,1.5,6.5,WSW,8,13,8,4,,0,,,,,202605,충청북도,충주시,지점명-시군구명 유일 직접연결,관측지점 값은 시군구 전체 평균이 아님
129,서산,1009.6,1012.6,18.0,1.4,24.0,30.1,26,12.6,4.9,9,13,0,9.0,72.0,,17.5,254.3,58.0,113.9,12.8,69.3,20,9,8,3,1,,2.1,7.1,SW,7,13,6,3,,0,,,,,202605,충청남도,서산시,지점명-시군구명 유일 직접연결,관측지점 값은 시군구 전체 평균이 아님
130,울진,1006.2,1011.9,18.1,1.8,23.2,33.2,30,14.0,7.5,9,11,0,11.5,70.0,4.5,,273.5,62.3,101.5,31.0,57.9,20,9,6,2,1,,1.9,6.4,NW,8,11,10,4,,0,,,,,202605,경상북도,울진군,지점명-시군구명 유일 직접연결,관측지점 값은 시군구 전체 평균이 아님
135,추풍령,983.7,1012.2,17.9,0.8,24.7,31.8,18,11.0,2.4,5,14,0,9.5,65.0,4.1,,264.7,60.6,118.8,38.7,82.4,20,10,9,2,1,,2.1,9.9,W,8,15,8,4,,0,,,,,202605,충청북도,영동군,공식 지점명 기반 수동 위치연결,관측지점 값은 시군구 전체 평균이 아님
136,안동,996.5,1013.0,19.2,1.4,26.3,33.0,18,12.3,3.7,5,19,0,10.5,63.0,4.0,,245.6,57.9,97.0,11.9,75.9,20,7,5,1,1,,1.5,7.4,WNW,8,13,7,4,2.0,0,0.0,0.0,0.0,0.0,202605,경상북도,안동시,지점명-시군구명 유일 직접연결,관측지점 값은 시군구 전체 평균이 아님
137,상주,1000.2,1011.4,19.7,1.1,26.7,33.9,18,13.2,4.9,5,22,0,10.2,63.0,4.1,,266.1,60.8,119.8,32.2,91.1,20,9,6,3,1,,1.2,7.7,WNW,8,14,8,4,,0,,,,,202605,경상북도,상주시,지점명-시군구명 유일 직접연결,관측지점 값은 시군구 전체 평균이 아님
140,군산,1010.1,1013.4,18.0,0.9,23.4,29.9,25,13.2,6.6,9,13,0,9.3,74.0,4.3,,245.6,56.3,125.7,39.9,65.8,20,8,6,4,1,,2.4,9.8,WNW,3,12,10,3,,0,,,,,202605,전북특별자치도,군산시,지점명-시군구명 유일 직접연결,관측지점 값은 시군구 전체 평균이 아님
156,광주,1003.4,1011.6,19.9,1.2,26.1,33.0,31,14.5,7.2,5,18,0,10.1,68.0,4.4,,237.9,54.7,93.9,2.5,35.7,20,10,7,3,1,,1.7,5.8,SSE,10,15,9,4,0.0,0,1.0,0.0,0.0,0.0,202605,경기도,광주시,지점명-시군구명 유일 직접연결,관측지점 값은 시군구 전체 평균이 아님
162,통영,1008.2,1011.9,18.7,1.1,23.7,29.4,30,14.4,8.6,1,12,0,11.0,71.0,4.2,,250.0,57.6,164.7,5.1,63.8,20,8,7,5,1,,2.2,8.3,W,8,13,8,3,,0,,,,,202605,경상남도,통영시,지점명-시군구명 유일 직접연결,관측지점 값은 시군구 전체 평균이 아님
165,목포,1007.7,1012.9,18.5,1.0,23.0,28.5,31,14.7,8.7,5,11,0,10.4,78.0,4.4,18.8,244.8,56.4,115.4,24.1,58.3,12,8,7,2,2,,3.0,10.5,WNW,12,15,10,4,3.0,0,1.0,0.0,0.0,0.0,202605,전라남도,목포시,지점명-시군구명 유일 직접연결,관측지점 값은 시군구 전체 평균이 아님
168,여수,1005.1,1012.8,18.9,1.0,23.0,29.5,31,15.5,9.8,5,9,0,12.6,69.0,4.2,19.7,253.8,58.5,267.1,123.6,124.0,20,7,7,5,3,,3.3,12.6,NW,8,14,9,4,1.0,0,1.0,0.0,0.0,0.0,202605,전라남도,여수시,지점명-시군구명 유일 직접연결,관측지점 값은 시군구 전체 평균이 아님
169,흑산도,1003.8,1012.6,17.1,1.9,21.7,26.8,18,13.7,8.1,5,4,0,13.2,80.0,4.7,,259.8,59.9,61.0,-35.7,24.7,20,11,8,2,0,,4.9,15.0,SE,25,12,12,5,13.0,5,1.0,0.0,0.0,0.0,202605,전라남도,신안군,공식 지점명 기반 수동 위치연결,관측지점 값은 시군구 전체 평균이 아님
170,완도,1009.0,1013.2,19.0,1.4,24.9,32.6,31,14.0,7.3,5,17,0,12.6,72.0,4.3,,251.8,58.2,241.7,94.7,138.4,20,10,7,4,1,,2.8,9.4,SE,22,13,9,3,,0,,,,,202605,전라남도,완도군,지점명-시군구명 유일 직접연결,관측지점 값은 시군구 전체 평균이 아님
172,고창,1006.2,1012.4,18.4,0.5,24.3,30.8,18,12.8,3.5,5,15,0,9.6,75.0,4.3,,247.2,56.8,106.3,36.7,35.6,20,9,7,4,2,,2.5,8.7,W,7,14,10,5,,0,,,,,202605,전북특별자치도,고창군,지점명-시군구명 유일 직접연결,관측지점 값은 시군구 전체 평균이 아님
174,순천,992.0,1011.3,17.3,,24.5,31.2,31,10.6,1.8,5,14,0,8.8,70.0,4.5,,239.6,55.2,122.4,,54.3,20,10,6,4,1,,1.6,8.2,NW,8,12,10,2,,0,,,,,202605,전라남도,순천시,지점명-시군구명 유일 직접연결,관측지점 값은 시군구 전체 평균이 아님
177,홍성,1008.0,1011.3,18.9,,25.0,31.6,31,13.2,6.1,10,15,0,10.6,71.0,4.3,,255.3,58.3,151.7,,89.8,20,9,8,3,2,,2.1,7.6,SW,4,12,8,3,,0,,,,,202605,충청남도,홍성군,지점명-시군구명 유일 직접연결,관측지점 값은 시군구 전체 평균이 아님
184,제주,1010.0,1012.4,19.5,1.2,23.6,31.0,26,16.0,9.5,5,12,0,12.8,67.0,4.8,20.4,248.5,57.7,47.7,-47.9,19.0,26,8,6,2,0,,3.0,11.8,NNE,12,10,11,2,0.0,0,1.0,0.0,0.0,0.0,202605,제주특별자치도,제주시,지점명-시군구명 유일 직접연결,관측지점 값은 시군구 전체 평균이 아님
185,고산,1004.2,1012.6,18.5,1.4,21.9,25.5,25,15.8,10.3,5,4,0,14.4,80.0,4.5,,242.7,56.4,78.8,-38.9,28.2,26,9,7,3,0,,5.6,18.8,NW,3,12,11,3,,4,,,,,202605,제주특별자치도,제주시,공식 지점명 기반 수동 위치연결,관측지점 값은 시군구 전체 평균이 아님
188,성산,1010.8,1013.2,19.1,1.4,22.9,30.2,30,15.2,7.6,10,7,0,12.8,75.0,4.5,,225.3,52.3,161.3,-16.7,72.9,26,10,6,4,2,,2.9,9.8,WNW,3,11,10,6,,0,,,,,202605,제주특별자치도,서귀포시,공식 지점명 기반 수동 위치연결,관측지점 값은 시군구 전체 평균이 아님
189,서귀포,1006.9,1013.0,20.1,1.3,24.0,29.9,30,16.7,9.9,5,10,0,14.5,69.0,4.9,,238.4,55.4,200.4,-23.2,107.4,26,10,7,5,1,,1.9,6.3,ENE,15,11,10,3,2.0,0,1.0,0.0,0.0,0.0,202605,제주특별자치도,서귀포시,지점명-시군구명 유일 직접연결,관측지점 값은 시군구 전체 평균이 아님
192,진주,1009.2,1012.6,18.2,0.2,25.0,32.0,31,11.4,3.0,5,15,0,9.8,72.0,4.3,,254.7,58.6,226.8,89.5,111.9,20,9,8,6,2,,0.9,5.2,NW,4,13,8,2,,0,,,,,202605,경상남도,진주시,지점명-시군구명 유일 직접연결,관측지점 값은 시군구 전체 평균이 아님
201,강화,1007.4,1013.1,17.4,1.4,22.6,29.1,14,12.4,5.7,5,10,0,8.4,73.0,4.2,,247.2,56.1,123.2,12.3,66.3,20,10,8,3,1,,2.0,6.2,WNW,1,13,8,4,,0,,,,,202605,인천광역시,강화군,지점명-시군구명 유일 직접연결,관측지점 값은 시군구 전체 평균이 아님
202,양평,1006.9,1012.4,19.1,1.5,25.7,31.5,31,13.1,5.4,5,19,0,9.6,63.0,4.2,,251.5,57.2,90.0,-4.4,59.8,20,11,7,1,1,,1.4,6.1,WNW,8,13,7,3,,0,,,,,202605,경기도,양평군,지점명-시군구명 유일 직접연결,관측지점 값은 시군구 전체 평균이 아님
203,이천,1003.4,1012.8,19.1,1.5,26.1,31.8,18,12.5,4.3,5,20,0,10.3,68.0,4.2,,226.2,51.5,121.6,28.4,74.6,20,11,8,4,1,,1.0,4.7,WSW,8,12,8,2,,0,,,,,202605,경기도,이천시,지점명-시군구명 유일 직접연결,관측지점 값은 시군구 전체 평균이 아님
211,인제,988.5,1012.1,17.2,1.1,24.4,30.5,15,10.8,3.7,9,15,0,6.6,68.0,4.6,,212.5,48.2,115.6,23.0,50.9,20,13,10,3,1,,1.4,5.7,NE,14,10,8,5,,0,,,,,202605,강원특별자치도,인제군,지점명-시군구명 유일 직접연결,관측지점 값은 시군구 전체 평균이 아님
212,홍천,996.3,1012.6,18.5,1.6,25.9,31.5,31,11.7,4.5,5,18,0,9.2,63.0,4.3,,255.6,58.0,97.2,-4.1,55.4,20,10,5,3,1,,1.1,6.3,WNW,8,13,8,3,,0,,,,,202605,강원특별자치도,홍천군,지점명-시군구명 유일 직접연결,관측지점 값은 시군구 전체 평균이 아님
216,태백,931.1,1012.0,15.9,1.4,22.8,30.9,17,9.4,2.5,9,12,0,8.0,63.0,4.7,,231.1,52.6,156.1,65.9,85.7,20,11,8,3,2,,1.4,5.5,N,1,9,9,4,,0,,,,,202605,강원특별자치도,태백시,지점명-시군구명 유일 직접연결,관측지점 값은 시군구 전체 평균이 아님
217,정선군,976.5,1012.7,16.9,0.0,25.6,32.6,15,9.7,1.5,5,17,0,9.0,64.0,4.5,,215.0,52.2,109.9,43.1,63.8,20,11,8,3,1,,1.4,6.0,N,1,12,8,3,,0,,,,,202605,강원특별자치도,정선군,지점명-시군구명 유일 직접연결,관측지점 값은 시군구 전체 평균이 아님
221,제천,981.6,1012.3,17.3,1.1,24.6,30.5,31,10.2,1.4,5,13,0,7.8,68.0,4.2,,262.9,59.9,103.8,6.9,55.8,20,9,7,3,1,,1.7,6.8,W,8,13,7,3,,0,,,,,202605,충청북도,제천시,지점명-시군구명 유일 직접연결,관측지점 값은 시군구 전체 평균이 아님
226,보은,992.6,1012.6,18.0,1.3,25.1,31.1,18,11.1,2.4,5,14,0,6.6,70.0,4.1,,256.6,58.6,93.9,1.1,63.3,20,10,6,2,1,,1.3,7.8,WNW,8,13,9,4,,0,,,,,202605,충청북도,보은군,지점명-시군구명 유일 직접연결,관측지점 값은 시군구 전체 평균이 아님
235,보령,1010.9,1012.1,18.0,1.5,23.7,30.6,25,12.9,5.7,9,13,0,10.3,74.0,4.1,,222.3,50.8,118.6,31.1,62.4,20,8,6,3,2,,1.7,7.2,SSW,11,13,9,6,,0,,,,,202605,충청남도,보령시,지점명-시군구명 유일 직접연결,관측지점 값은 시군구 전체 평균이 아님
236,부여,1011.2,1012.8,18.4,0.8,25.4,31.8,31,12.2,4.5,9,17,0,9.5,74.0,4.2,,244.5,56.0,144.2,46.7,79.2,20,8,7,4,2,,1.2,6.6,W,4,11,6,3,,0,,,,,202605,충청남도,부여군,지점명-시군구명 유일 직접연결,관측지점 값은 시군구 전체 평균이 아님
238,금산,992.2,1012.0,18.5,1.4,25.7,31.6,18,11.5,3.0,5,18,0,7.8,70.0,4.2,,245.0,56.1,98.0,16.4,66.2,20,8,6,2,1,,1.1,5.4,W,8,14,8,4,,0,,,,,202605,충청남도,금산군,지점명-시군구명 유일 직접연결,관측지점 값은 시군구 전체 평균이 아님
239,세종,1001.5,1012.0,18.7,,25.2,31.7,31,12.8,5.6,9,16,0,10.8,68.0,4.1,,248.3,56.7,158.5,,80.1,20,8,6,4,2,,1.4,7.1,NW,8,13,6,3,,0,,,,,202605,세종특별자치시,세종특별자치시,지점명-시군구명 유일 직접연결,관측지점 값은 시군구 전체 평균이 아님
243,부안,1011.4,1012.9,18.4,1.3,24.5,29.5,31,13.4,6.4,5,16,0,10.1,73.0,4.3,,242.4,55.6,109.6,24.7,60.7,20,8,5,3,1,,1.6,7.4,WNW,7,13,9,3,,0,,,,,202605,전북특별자치도,부안군,지점명-시군구명 유일 직접연결,관측지점 값은 시군구 전체 평균이 아님
244,임실,983.7,1012.4,17.9,1.6,25.1,31.4,31,11.0,2.2,5,17,0,7.9,72.0,4.6,,253.0,58.1,71.5,-14.4,33.6,20,9,5,3,1,,1.3,5.9,NNW,1,10,9,2,,0,,,,,202605,전북특별자치도,임실군,지점명-시군구명 유일 직접연결,관측지점 값은 시군구 전체 평균이 아님
245,정읍,1004.6,1012.6,18.8,0.8,25.3,31.5,31,12.9,4.2,5,18,0,10.0,70.0,4.4,,245.7,56.4,95.8,8.6,46.1,20,9,4,3,1,,1.9,8.2,W,7,14,9,4,,0,,,,,202605,전북특별자치도,정읍시,지점명-시군구명 유일 직접연결,관측지점 값은 시군구 전체 평균이 아님
247,남원,996.7,1012.3,18.8,1.2,25.7,32.4,31,12.1,2.8,5,18,0,10.3,69.0,4.4,,256.8,59.0,85.7,-4.8,38.5,20,11,8,2,1,,1.9,7.4,NW,8,12,8,3,,0,,,,,202605,전북특별자치도,남원시,지점명-시군구명 유일 직접연결,관측지점 값은 시군구 전체 평균이 아님
248,장수,965.8,1012.7,16.9,0.9,24.0,30.4,31,9.5,0.6,5,12,0,6.6,72.0,4.6,,234.0,55.5,88.9,-11.6,51.0,20,8,6,2,1,,1.4,8.2,W,4,12,10,3,,0,,,,,202605,전북특별자치도,장수군,지점명-시군구명 유일 직접연결,관측지점 값은 시군구 전체 평균이 아님
251,고창군,1005.3,1012.2,18.3,,24.5,30.7,31,12.6,4.4,5,15,0,10.3,74.0,4.3,,221.6,51.0,101.4,,37.5,20,9,7,3,1,,1.6,6.8,NW,8,15,10,5,,0,,,,,202605,전북특별자치도,고창군,지점명-시군구명 유일 직접연결,관측지점 값은 시군구 전체 평균이 아님
252,영광군,1008.3,1012.7,18.1,0.6,24.0,29.4,18,12.6,4.0,5,12,0,9.5,76.0,4.2,,234.3,53.9,101.7,7.9,43.1,20,10,7,4,1,,1.5,5.6,SE,26,15,10,4,,0,,,,,202605,전라남도,영광군,지점명-시군구명 유일 직접연결,관측지점 값은 시군구 전체 평균이 아님
253,김해시,1006.6,1013.0,19.7,0.2,26.1,33.6,17,14.3,8.1,5,17,0,11.8,66.0,4.2,,247.1,56.9,112.6,2.0,48.4,20,8,6,3,1,,1.5,7.8,WNW,4,14,9,3,,0,,,,,202605,경상남도,김해시,지점명-시군구명 유일 직접연결,관측지점 값은 시군구 전체 평균이 아님
254,순창군,997.9,1013.0,18.6,0.5,25.6,33.2,31,12.0,3.9,9,18,0,9.4,67.0,4.3,,254.5,58.5,93.5,6.2,36.0,20,11,7,3,1,,1.8,9.6,NNE,8,14,10,2,,0,,,,,202605,전북특별자치도,순창군,지점명-시군구명 유일 직접연결,관측지점 값은 시군구 전체 평균이 아님
257,양산시,1011.5,1012.2,20.0,0.9,26.8,34.5,17,13.9,7.5,5,18,0,11.3,69.0,4.2,,222.1,51.1,108.2,-2.0,34.3,20,6,6,6,1,,2.0,6.3,NW,8,12,9,3,,0,,,,,202605,경상남도,양산시,지점명-시군구명 유일 직접연결,관측지점 값은 시군구 전체 평균이 아님
258,보성군,1013.0,1013.2,18.8,,24.6,31.3,31,12.8,3.0,5,13,0,11.2,73.0,4.3,,252.4,58.2,195.3,,82.7,20,9,7,4,2,,2.7,9.6,NNW,8,15,9,4,,0,,,,,202605,전라남도,보성군,지점명-시군구명 유일 직접연결,관측지점 값은 시군구 전체 평균이 아님
259,강진군,1010.9,1012.8,18.8,0.8,25.1,32.2,31,12.9,4.8,5,15,0,11.3,75.0,4.4,,228.6,52.7,143.2,20.3,76.4,20,12,8,3,2,,1.7,7.2,NW,12,14,11,4,,0,,,,,202605,전라남도,강진군,지점명-시군구명 유일 직접연결,관측지점 값은 시군구 전체 평균이 아님
260,장흥,1007.6,1012.8,18.3,1.0,24.3,31.7,17,12.2,2.7,9,11,0,9.1,76.0,4.4,,237.2,54.7,110.1,-11.5,57.0,20,9,6,3,1,,2.1,10.4,SSW,8,13,12,4,,0,,,,,202605,전라남도,장흥군,지점명-시군구명 유일 직접연결,관측지점 값은 시군구 전체 평균이 아님
261,해남,1011.2,1013.2,18.1,0.8,24.0,30.8,31,12.0,3.2,5,12,0,8.6,78.0,4.5,,241.2,55.7,94.4,-8.0,51.8,20,11,7,3,1,,2.8,11.2,WNW,12,13,9,5,,0,,,,,202605,전라남도,해남군,지점명-시군구명 유일 직접연결,관측지점 값은 시군구 전체 평균이 아님
262,고흥,1006.6,1012.7,18.3,0.9,24.7,32.1,31,12.1,3.7,5,13,0,13.2,73.0,4.2,,245.2,56.6,214.0,80.7,86.8,20,8,7,5,3,,1.8,8.7,WNW,1,14,10,4,,0,,,,,202605,전라남도,고흥군,지점명-시군구명 유일 직접연결,관측지점 값은 시군구 전체 평균이 아님
263,의령군,1010.8,1012.4,18.9,0.3,26.3,33.5,17,11.7,2.8,5,20,0,9.4,65.0,4.2,,223.8,51.4,173.4,85.4,92.3,20,9,6,4,2,,1.7,8.7,NW,8,15,8,3,,0,,,,,202605,경상남도,의령군,지점명-시군구명 유일 직접연결,관측지점 값은 시군구 전체 평균이 아님
264,함양군,994.8,1012.5,18.6,0.6,26.4,33.9,17,11.0,1.3,5,19,0,9.5,60.0,4.3,,252.0,57.9,99.1,34.7,48.8,20,9,5,3,1,,1.6,7.2,NW,8,14,8,3,,0,,,,,202605,경상남도,함양군,지점명-시군구명 유일 직접연결,관측지점 값은 시군구 전체 평균이 아님
266,광양시,1002.7,1013.0,19.5,,25.1,31.9,31,14.4,7.5,5,15,0,11.2,68.0,4.3,,248.1,57.2,198.1,,98.4,20,9,6,5,2,,1.7,7.2,WNW,8,14,11,1,,0,,,,,202605,전라남도,광양시,지점명-시군구명 유일 직접연결,관측지점 값은 시군구 전체 평균이 아님
268,진도군,1010.7,1011.9,17.6,0.4,23.0,28.3,31,12.2,3.8,5,7,0,12.2,78.0,4.3,,255.3,58.9,93.5,-52.1,49.2,20,10,8,2,1,,2.0,8.2,NE,12,16,11,4,,0,,,,,202605,전라남도,진도군,지점명-시군구명 유일 직접연결,관측지점 값은 시군구 전체 평균이 아님
271,봉화,974.9,1012.6,16.8,1.3,24.9,31.3,18,9.1,0.4,5,14,0,6.7,67.0,4.2,,228.2,55.6,127.2,25.7,66.5,20,8,6,3,1,,1.4,7.0,WNW,8,14,8,3,,0,,,,,202605,경상북도,봉화군,지점명-시군구명 유일 직접연결,관측지점 값은 시군구 전체 평균이 아님
272,영주,987.6,1012.1,18.4,1.2,25.3,31.8,18,11.4,2.9,5,16,0,9.2,65.0,4.3,,267.1,60.9,122.8,4.3,87.2,20,7,5,2,1,,2.2,10.9,NW,8,13,8,3,,0,,,,,202605,경상북도,영주시,지점명-시군구명 유일 직접연결,관측지점 값은 시군구 전체 평균이 아님
273,문경,991.5,1011.6,18.9,1.6,25.8,33.4,18,12.1,3.3,5,19,0,7.8,66.0,4.2,,250.1,57.1,131.7,23.6,79.2,20,8,7,5,1,,1.7,9.1,WNW,1,13,8,4,,0,,,,,202605,경상북도,문경시,지점명-시군구명 유일 직접연결,관측지점 값은 시군구 전체 평균이 아님
276,청송군,987.5,1011.8,17.8,1.0,26.0,34.5,18,10.1,1.5,5,19,0,7.0,67.0,4.1,,255.8,58.5,104.7,48.0,68.1,20,8,6,2,1,,1.7,8.6,NW,8,14,6,3,,0,,,,,202605,경상북도,청송군,지점명-시군구명 유일 직접연결,관측지점 값은 시군구 전체 평균이 아님
277,영덕,1007.2,1012.0,18.6,1.5,24.5,31.9,31,13.1,7.8,9,14,0,11.2,66.0,4.2,,276.7,63.2,125.5,51.0,84.9,20,7,4,4,1,,2.5,10.3,NW,8,12,6,4,,0,,,,,202605,경상북도,영덕군,지점명-시군구명 유일 직접연결,관측지점 값은 시군구 전체 평균이 아님
278,의성,1001.8,1011.3,18.7,1.6,26.9,34.1,18,10.9,2.0,5,20,0,7.1,69.0,4.1,,262.8,60.1,110.2,31.6,68.1,20,9,7,2,1,,1.2,7.6,WNW,8,12,7,4,,0,,,,,202605,경상북도,의성군,지점명-시군구명 유일 직접연결,관측지점 값은 시군구 전체 평균이 아님
279,구미,1006.3,1012.0,20.0,1.4,27.5,34.9,18,13.2,4.9,5,22,0,10.0,61.0,4.0,,249.4,57.1,103.7,25.0,70.1,20,6,6,2,1,,1.3,5.8,WNW,8,15,8,4,,0,,,,,202605,경상북도,구미시,지점명-시군구명 유일 직접연결,관측지점 값은 시군구 전체 평균이 아님
281,영천,1001.4,1012.6,19.0,1.2,26.1,33.7,18,11.9,3.8,5,18,0,9.1,65.0,4.0,,265.9,60.9,98.5,12.7,65.3,20,8,7,2,1,,1.7,8.6,W,8,14,6,4,,0,,,,,202605,경상북도,영천시,지점명-시군구명 유일 직접연결,관측지점 값은 시군구 전체 평균이 아님
283,경주시,1007.8,1012.5,19.3,0.9,26.6,35.9,18,12.2,4.6,5,19,0,8.6,65.0,4.3,,258.9,59.4,85.2,29.9,51.0,20,7,5,2,1,,2.6,9.6,NW,8,13,8,4,,0,,,,,202605,경상북도,경주시,지점명-시군구명 유일 직접연결,관측지점 값은 시군구 전체 평균이 아님
284,거창,984.8,1011.3,18.2,1.1,26.1,33.2,18,10.5,1.5,5,19,0,7.8,68.0,4.3,,263.3,60.5,115.2,26.5,70.5,20,10,6,3,1,,1.7,9.7,NW,8,14,9,3,,0,,,,,202605,경상남도,거창군,지점명-시군구명 유일 직접연결,관측지점 값은 시군구 전체 평균이 아님
285,합천,1009.3,1012.4,19.5,1.3,26.8,33.8,17,12.4,4.6,5,20,0,11.0,69.0,4.1,,251.7,57.8,138.8,44.7,81.1,20,11,6,3,2,,1.0,6.5,N,8,15,7,2,,0,,,,,202605,경상남도,합천군,지점명-시군구명 유일 직접연결,관측지점 값은 시군구 전체 평균이 아님
288,밀양,1009.9,1010.9,19.9,1.6,27.4,35.1,17,13.1,6.1,5,20,0,12.7,66.0,4.0,,246.9,56.7,142.3,35.6,50.2,20,8,7,5,2,,1.6,9.1,NW,8,14,7,2,,0,,,,,202605,경상남도,밀양시,지점명-시군구명 유일 직접연결,관측지점 값은 시군구 전체 평균이 아님
289,산청,997.0,1013.1,18.7,0.9,25.8,33.0,17,11.8,2.7,5,18,0,10.2,70.0,4.4,,233.7,53.7,129.1,23.6,77.6,20,10,6,2,1,,1.6,9.8,W,8,13,9,3,,0,,,,,202605,경상남도,산청군,지점명-시군구명 유일 직접연결,관측지점 값은 시군구 전체 평균이 아님
294,거제,1007.9,1013.1,18.8,0.9,24.1,31.5,17,13.8,7.7,5,10,0,10.8,68.0,4.2,,251.9,58.0,161.3,-41.7,61.4,20,8,7,5,1,,1.6,5.6,WNW,8,13,10,3,,0,,,,,202605,경상남도,거제시,지점명-시군구명 유일 직접연결,관측지점 값은 시군구 전체 평균이 아님
295,남해,1007.4,1012.7,19.0,0.8,24.3,31.2,31,14.3,8.5,5,12,0,10.8,67.0,,,242.9,56.0,395.7,199.4,165.0,20,8,7,6,3,,1.5,6.8,NW,8,13,3,4,,0,,,,,202605,경상남도,남해군,지점명-시군구명 유일 직접연결,관측지점 값은 시군구 전체 평균이 아님
90,속초,1007.5,1009.6,20.6,0.8,24.0,29.6,12,17.2,13.2,9,9,0,15.8,77.0,5.1,,233.2,52.6,231.6,112.1,170.1,20,10,6,4,1,,2.0,8.7,E,20,7,6,3,,0,,,,,202606,강원특별자치도,속초시,지점명-시군구명 유일 직접연결,관측지점 값은 시군구 전체 평균이 아님
93,북춘천,998.0,1009.0,22.3,,29.1,33.7,19,16.1,11.0,6,27,0,15.0,71.0,5.0,24.2,283.0,63.9,144.1,,56.0,20,8,7,5,1,,1.0,6.6,SW,5,8,6,1,,0,,,,,202606,강원특별자치도,춘천시,지점명-시군구명 유일 직접연결,관측지점 값은 시군구 전체 평균이 아님
95,철원,991.4,1009.3,21.7,0.6,28.0,32.3,19,15.8,10.9,6,24,0,14.5,73.0,4.9,,273.8,63.9,118.0,-1.0,45.5,20,6,5,4,2,,1.2,5.6,WSW,19,4,5,1,,0,,,,,202606,강원특별자치도,철원군,지점명-시군구명 유일 직접연결,관측지점 값은 시군구 전체 평균이 아님
98,동두천,995.4,1008.7,22.5,0.7,29.2,33.3,18,16.7,12.3,6,28,0,14.1,64.0,4.7,,228.8,51.7,87.0,-43.5,45.7,20,7,4,4,1,,0.8,6.0,S,19,5,6,1,,0,,,,,202606,경기도,동두천시,지점명-시군구명 유일 직접연결,관측지점 값은 시군구 전체 평균이 아님
99,파주,1005.9,1009.4,21.8,0.4,28.6,32.1,18,16.1,11.8,9,28,0,14.5,74.0,4.5,,238.4,53.8,74.8,-32.6,47.7,20,5,4,2,1,,1.1,4.7,W,4,7,6,1,,0,,,,,202606,경기도,파주시,지점명-시군구명 유일 직접연결,관측지점 값은 시군구 전체 평균이 아님
100,대관령,922.9,1009.6,16.7,0.5,22.8,27.2,18,10.8,5.6,6,9,0,9.1,80.0,5.5,,247.8,56.0,120.8,-41.7,81.9,20,10,5,3,1,,2.0,9.1,NNE,20,6,9,1,,0,,,,,202606,강원특별자치도,평창군,공식 지점명 기반 수동 위치연결,관측지점 값은 시군구 전체 평균이 아님
101,춘천,999.3,1008.0,22.4,0.2,29.1,33.7,29,16.4,11.4,6,27,0,13.7,68.0,,23.4,258.0,58.3,127.2,4.3,57.4,20,8,6,4,2,,1.6,5.6,WSW,5,7,7,2,,0,,,,,202606,강원특별자치도,춘천시,지점명-시군구명 유일 직접연결,관측지점 값은 시군구 전체 평균이 아님
102,백령도,1004.6,1008.8,19.4,0.4,23.6,27.8,27,16.0,12.1,6,12,0,13.4,81.0,5.4,,240.6,54.3,48.8,-23.2,25.3,20,7,5,2,0,,2.5,7.4,N,20,5,8,0,17.0,0,3.0,0.0,0.0,0.0,202606,인천광역시,옹진군,공식 지점명 기반 수동 위치연결,관측지점 값은 시군구 전체 평균이 아님
104,북강릉,999.7,1008.4,20.6,,25.1,29.8,1,16.4,12.0,9,15,0,13.8,80.0,5.2,22.4,236.6,53.5,202.5,,172.4,20,11,5,1,1,,1.5,8.4,WNW,20,5,6,2,1.0,0,2.0,0.0,0.0,0.0,202606,강원특별자치도,강릉시,지점명-시군구명 유일 직접연결,관측지점 값은 시군구 전체 평균이 아님
105,강릉,1006.2,1009.4,21.6,0.3,25.7,30.6,2,17.9,13.1,9,20,0,15.6,69.0,,23.1,218.6,51.1,155.2,36.7,121.4,20,12,5,3,1,,1.8,8.9,NW,20,4,8,3,,0,,,,,202606,강원특별자치도,강릉시,지점명-시군구명 유일 직접연결,관측지점 값은 시군구 전체 평균이 아님
106,동해,1005.0,1009.7,20.7,1.1,25.2,30.5,1,16.9,12.4,9,18,0,13.6,77.0,5.3,,240.4,54.4,115.8,9.9,102.3,20,9,4,1,1,,2.1,8.9,NW,20,4,7,2,,0,,,,,202606,강원특별자치도,동해시,지점명-시군구명 유일 직접연결,관측지점 값은 시군구 전체 평균이 아님
114,원주,991.4,1008.5,23.3,0.9,29.5,34.8,19,17.7,13.0,6,29,0,14.8,65.0,5.1,,250.6,56.9,92.1,-44.6,60.6,20,7,5,2,1,,1.6,5.1,E,23,4,8,1,,0,,,,,202606,강원특별자치도,원주시,지점명-시군구명 유일 직접연결,관측지점 값은 시군구 전체 평균이 아님
115,울릉도,984.3,1009.6,20.9,1.8,24.0,27.6,18,18.4,15.4,9,12,0,14.5,80.0,4.8,20.6,215.5,48.8,76.7,-40.1,68.0,20,7,5,1,1,,3.1,18.4,NNE,21,8,8,1,5.0,2,0.0,0.0,0.0,0.0,202606,경상북도,울릉군,공식 지점명 기반 수동 위치연결,관측지점 값은 시군구 전체 평균이 아님
121,영월,981.7,1009.2,21.7,0.4,29.8,35.5,19,15.1,10.1,6,27,0,12.8,70.0,5.2,,233.1,53.0,94.4,-42.7,60.2,20,9,5,2,1,,1.4,7.0,ESE,19,5,8,1,,0,,,,,202606,강원특별자치도,영월군,지점명-시군구명 유일 직접연결,관측지점 값은 시군구 전체 평균이 아님
127,충주,994.8,1008.0,23.0,0.9,29.5,34.6,19,16.9,11.4,6,28,0,15.1,64.0,5.1,,220.1,50.0,83.3,-51.4,62.4,20,6,3,2,1,,1.4,6.0,SSW,10,4,7,1,,0,,,,,202606,충청북도,충주시,지점명-시군구명 유일 직접연결,관측지점 값은 시군구 전체 평균이 아님
129,서산,1006.1,1009.0,22.7,1.4,28.1,32.2,17,17.7,12.1,6,27,0,14.3,68.0,,23.1,255.2,58.1,74.6,-63.6,64.4,20,3,2,2,1,,1.9,8.2,WSW,4,8,7,1,,0,,,,,202606,충청남도,서산시,지점명-시군구명 유일 직접연결,관측지점 값은 시군구 전체 평균이 아님
130,울진,1004.1,1009.8,20.4,1.0,24.4,32.4,1,16.7,13.5,6,9,0,14.4,83.0,5.4,,242.1,55.0,136.8,32.5,111.3,20,8,6,2,1,,1.7,8.2,ESE,20,5,9,1,,0,,,,,202606,경상북도,울진군,지점명-시군구명 유일 직접연결,관측지점 값은 시군구 전체 평균이 아님
135,추풍령,980.7,1008.6,21.5,0.4,27.2,30.3,18,15.8,10.5,6,22,0,15.2,69.0,5.5,,214.4,52.5,57.4,-79.2,32.6,20,6,4,2,1,,1.8,9.7,W,20,7,10,0,,0,,,,,202606,충청북도,영동군,공식 지점명 기반 수동 위치연결,관측지점 값은 시군구 전체 평균이 아님
136,안동,993.6,1009.8,22.6,0.7,28.8,33.1,17,16.8,11.8,6,26,0,15.4,66.0,5.2,,221.0,50.3,44.1,-79.0,28.3,20,6,5,1,0,,1.6,6.3,SE,6,5,9,2,0.0,0,1.0,0.0,0.0,0.0,202606,경상북도,안동시,지점명-시군구명 유일 직접연결,관측지점 값은 시군구 전체 평균이 아님
137,상주,997.0,1008.0,23.2,0.7,29.1,32.7,13,17.7,13.0,6,28,0,15.3,67.0,5.3,,235.6,53.8,73.6,-41.6,46.1,20,5,3,2,1,,0.9,5.2,WSW,20,6,7,0,,0,,,,,202606,경상북도,상주시,지점명-시군구명 유일 직접연결,관측지점 값은 시군구 전체 평균이 아님
140,군산,1006.5,1009.7,22.4,0.8,27.2,31.1,16,18.2,13.0,6,25,0,14.7,75.0,5.3,,243.8,55.8,99.3,-42.9,41.4,20,6,5,3,2,,2.2,7.4,WNW,20,6,9,1,,0,,,,,202606,전북특별자치도,군산시,지점명-시군구명 유일 직접연결,관측지점 값은 시군구 전체 평균이 아님
156,광주,1000.5,1008.6,23.8,1.1,29.4,33.8,28,19.4,14.9,6,27,0,15.7,68.0,5.9,,205.3,47.3,51.1,-101.5,20.9,20,7,3,3,0,,1.8,7.0,S,20,3,8,3,0.0,0,0.0,0.0,0.0,0.0,202606,경기도,광주시,지점명-시군구명 유일 직접연결,관측지점 값은 시군구 전체 평균이 아님
162,통영,1004.8,1008.4,22.0,1.1,26.0,28.2,5,18.8,15.9,10,23,0,15.8,77.0,6.4,,196.2,45.2,115.2,-80.6,44.1,2,8,7,3,2,,2.1,13.0,SW,20,3,12,3,,0,,,,,202606,경상남도,통영시,지점명-시군구명 유일 직접연결,관측지점 값은 시군구 전체 평균이 아님
165,목포,1004.0,1009.2,22.4,0.8,26.3,29.9,15,19.3,15.8,6,23,0,16.2,78.0,6.1,23.3,180.7,41.6,68.0,-82.2,23.8,2,6,6,3,0,,2.8,10.1,SW,20,2,11,2,1.0,0,0.0,0.0,0.0,0.0,202606,전라남도,목포시,지점명-시군구명 유일 직접연결,관측지점 값은 시군구 전체 평균이 아님
168,여수,1001.6,1009.2,22.4,1.2,25.8,28.2,21,20.0,17.7,6,22,0,18.8,74.0,6.6,24.1,199.6,46.0,150.8,-43.5,74.7,2,8,8,3,2,,3.4,14.3,WSW,20,2,13,2,0.0,1,1.0,0.0,0.0,0.0,202606,전라남도,여수시,지점명-시군구명 유일 직접연결,관측지점 값은 시군구 전체 평균이 아님
169,흑산도,1000.5,1009.2,20.7,1.5,24.6,27.5,15,17.9,15.3,10,15,0,18.3,85.0,6.8,,206.9,47.7,139.2,-18.3,50.4,17,8,6,4,2,,3.9,13.1,S,20,3,17,2,14.0,0,0.0,0.0,0.0,0.0,202606,전라남도,신안군,공식 지점명 기반 수동 위치연결,관측지점 값은 시군구 전체 평균이 아님
170,완도,1005.2,1009.3,22.7,1.5,27.8,31.1,28,18.8,14.8,6,25,0,17.5,77.0,6.5,,184.0,42.5,226.2,19.0,120.6,2,8,6,5,2,,2.6,10.3,SSW,20,4,13,3,,0,,,,,202606,전라남도,완도군,지점명-시군구명 유일 직접연결,관측지점 값은 시군구 전체 평균이 아님
172,고창,1002.6,1008.6,22.5,0.5,28.0,31.9,16,17.7,12.0,6,26,0,14.6,74.0,5.8,,218.0,50.1,41.9,-47.1,26.5,20,6,5,2,0,,2.3,8.7,SSW,20,6,9,3,,0,,,,,202606,전북특별자치도,고창군,지점명-시군구명 유일 직접연결,관측지점 값은 시군구 전체 평균이 아님
174,순천,988.7,1007.6,21.0,,27.1,30.1,28,15.9,9.8,6,24,0,15.5,75.0,6.2,,179.8,41.4,104.0,,47.8,2,10,5,3,2,,1.6,6.1,NW,5,3,12,2,,0,,,,,202606,전라남도,순천시,지점명-시군구명 유일 직접연결,관측지점 값은 시군구 전체 평균이 아님
177,홍성,1004.4,1007.6,23.3,,29.0,33.0,17,18.1,12.7,6,29,0,15.8,70.0,5.3,,260.2,59.2,72.8,,52.5,20,3,3,2,1,,1.9,7.8,SSW,4,7,7,0,,0,,,,,202606,충청남도,홍성군,지점명-시군구명 유일 직접연결,관측지점 값은 시군구 전체 평균이 아님
184,제주,1006.1,1008.5,22.7,1.0,25.9,29.3,14,20.3,17.4,6,22,0,18.0,75.0,7.4,23.9,157.0,36.4,227.2,56.0,66.5,2,14,10,6,3,,2.9,10.8,WSW,20,1,18,5,0.0,0,1.0,0.0,0.0,0.0,202606,제주특별자치도,제주시,지점명-시군구명 유일 직접연결,관측지점 값은 시군구 전체 평균이 아님
185,고산,1000.3,1008.5,21.5,0.8,24.5,28.7,16,19.3,17.4,6,12,0,18.0,86.0,7.2,,144.3,33.6,145.3,-12.8,39.2,1,13,8,5,1,,4.3,14.7,WSW,20,2,17,5,,1,,,,,202606,제주특별자치도,제주시,공식 지점명 기반 수동 위치연결,관측지점 값은 시군구 전체 평균이 아님
188,성산,1006.9,1009.2,22.0,1.1,25.2,29.2,1,19.2,15.3,11,16,0,18.1,83.0,7.2,,140.0,32.5,447.2,215.3,102.0,17,14,13,7,6,,2.7,8.9,E,23,2,18,5,,0,,,,,202606,제주특별자치도,서귀포시,공식 지점명 기반 수동 위치연결,관측지점 값은 시군구 전체 평균이 아님
189,서귀포,1003.0,1009.0,22.8,1.0,26.0,29.3,11,20.2,17.5,10,24,0,19.0,79.0,7.7,,143.8,33.5,354.7,87.1,99.7,17,17,12,7,5,,2.0,7.5,ENE,23,2,20,6,0.0,0,2.0,0.0,0.0,0.0,202606,제주특별자치도,서귀포시,지점명-시군구명 유일 직접연결,관측지점 값은 시군구 전체 평균이 아님
192,진주,1005.7,1009.1,21.8,0.0,27.7,31.1,18,16.7,11.5,6,26,0,15.3,77.0,6.0,,213.7,49.2,92.4,-81.9,45.5,20,9,5,2,2,,0.9,5.3,WSW,20,3,10,2,,0,,,,,202606,경상남도,진주시,지점명-시군구명 유일 직접연결,관측지점 값은 시군구 전체 평균이 아님
201,강화,1004.0,1009.6,21.7,1.2,26.8,31.2,19,16.8,12.2,11,23,0,13.2,75.0,4.3,,251.1,56.8,65.9,-44.1,62.2,20,4,2,1,1,,1.8,7.2,WSW,4,10,3,1,,0,,,,,202606,인천광역시,강화군,지점명-시군구명 유일 직접연결,관측지점 값은 시군구 전체 평균이 아님
202,양평,1003.5,1008.9,23.2,1.0,29.0,32.9,19,17.8,13.5,6,28,0,15.5,64.0,4.8,,243.5,55.1,71.1,-63.1,65.0,20,5,3,1,1,,1.3,5.0,NE,14,8,6,2,,0,,,,,202606,경기도,양평군,지점명-시군구명 유일 직접연결,관측지점 값은 시군구 전체 평균이 아님
203,이천,1000.1,1009.3,23.3,1.3,29.8,34.6,17,17.4,12.2,6,28,0,15.6,69.0,4.9,,205.5,46.7,85.1,-43.1,80.9,20,4,3,1,1,,1.0,5.5,S,4,8,7,1,,0,,,,,202606,경기도,이천시,지점명-시군구명 유일 직접연결,관측지점 값은 시군구 전체 평균이 아님
211,인제,985.8,1009.0,20.6,0.2,27.8,32.7,28,14.8,10.1,6,25,0,12.1,70.0,5.2,,209.9,47.4,106.2,-10.6,52.9,20,8,6,4,1,,1.5,5.3,NE,8,7,7,2,,0,,,,,202606,강원특별자치도,인제군,지점명-시군구명 유일 직접연결,관측지점 값은 시군구 전체 평균이 아님
212,홍천,993.2,1009.2,22.2,0.6,29.2,34.2,19,16.2,11.4,6,28,0,14.8,67.0,4.9,,242.0,54.7,126.0,1.1,70.3,20,9,8,3,1,,1.1,4.4,W,5,7,5,1,,0,,,,,202606,강원특별자치도,홍천군,지점명-시군구명 유일 직접연결,관측지점 값은 시군구 전체 평균이 아님
216,태백,929.4,1009.5,18.2,0.1,24.6,28.6,17,12.4,8.0,6,15,0,12.0,72.0,5.7,,206.4,46.9,96.5,-43.9,83.0,20,8,5,1,1,,1.4,4.7,N,20,3,8,1,,0,,,,,202606,강원특별자치도,태백시,지점명-시군구명 유일 직접연결,관측지점 값은 시군구 전체 평균이 아님
217,정선군,973.9,1009.6,20.1,-0.8,28.6,33.6,17,13.4,8.3,6,25,0,13.7,69.0,5.5,,194.3,44.1,91.2,-16.2,74.7,20,7,5,1,1,,1.3,6.2,S,4,3,8,2,,0,,,,,202606,강원특별자치도,정선군,지점명-시군구명 유일 직접연결,관측지점 값은 시군구 전체 평균이 아님
221,제천,978.7,1008.9,21.1,0.3,27.7,32.7,19,15.0,10.3,6,24,0,13.0,71.0,5.0,,246.4,56.0,121.5,-26.0,93.1,20,5,4,2,1,,1.4,5.1,WSW,4,4,7,1,,0,,,,,202606,충청북도,제천시,지점명-시군구명 유일 직접연결,관측지점 값은 시군구 전체 평균이 아님
226,보은,989.4,1009.0,21.8,0.7,27.7,31.4,28,16.1,10.2,6,24,0,12.4,72.0,5.3,,230.0,52.4,82.7,-73.7,49.6,20,5,5,3,1,,1.3,5.4,SE,14,6,9,1,,0,,,,,202606,충청북도,보은군,지점명-시군구명 유일 직접연결,관측지점 값은 시군구 전체 평균이 아님
235,보령,1007.3,1008.4,22.5,1.4,28.2,31.7,27,17.8,11.9,6,23,0,15.2,73.0,5.3,,247.7,56.6,69.5,-64.5,40.5,20,5,4,2,1,,1.5,10.2,SSW,20,4,7,1,,0,,,,,202606,충청남도,보령시,지점명-시군구명 유일 직접연결,관측지점 값은 시군구 전체 평균이 아님
236,부여,1007.6,1009.1,22.8,0.7,28.9,32.2,16,17.3,11.6,6,28,0,15.2,72.0,5.4,,229.7,52.5,117.4,-39.7,47.8,20,6,5,4,2,,1.2,6.7,SE,14,5,7,1,,0,,,,,202606,충청남도,부여군,지점명-시군구명 유일 직접연결,관측지점 값은 시군구 전체 평균이 아님
238,금산,988.9,1008.3,22.6,1.0,28.8,33.0,16,16.9,10.5,6,28,0,13.7,71.0,5.7,,213.0,48.7,83.3,-78.5,54.0,20,6,4,3,1,,1.1,5.8,SW,20,5,9,2,,0,,,,,202606,충청남도,금산군,지점명-시군구명 유일 직접연결,관측지점 값은 시군구 전체 평균이 아님
239,세종,998.0,1008.3,22.9,,28.6,32.2,30,17.7,11.9,6,27,0,16.3,69.0,5.4,,241.1,54.9,96.3,,48.3,20,7,6,3,1,,1.5,5.6,NW,5,5,6,1,,0,,,,,202606,세종특별자치시,세종특별자치시,지점명-시군구명 유일 직접연결,관측지점 값은 시군구 전체 평균이 아님
243,부안,1007.8,1009.2,22.8,1.3,28.0,32.5,16,18.5,13.7,6,26,0,15.2,71.0,5.6,,229.3,52.5,53.6,-78.2,30.6,20,7,5,2,1,,1.6,6.5,WNW,4,3,9,1,,0,,,,,202606,전북특별자치도,부안군,지점명-시군구명 유일 직접연결,관측지점 값은 시군구 전체 평균이 아님
244,임실,980.5,1008.6,21.9,1.1,27.8,31.1,29,16.3,10.5,6,25,0,13.9,72.0,5.9,,203.4,46.6,51.0,-91.4,26.2,20,7,5,1,0,,1.3,5.3,W,20,3,11,2,,0,,,,,202606,전북특별자치도,임실군,지점명-시군구명 유일 직접연결,관측지점 값은 시군구 전체 평균이 아님
245,정읍,1001.0,1008.9,23.0,0.8,28.9,33.2,16,18.0,12.4,6,26,0,15.3,70.0,5.7,,219.6,50.4,51.0,-85.1,32.1,20,6,6,1,1,,1.9,8.4,SW,20,4,9,3,,0,,,,,202606,전북특별자치도,정읍시,지점명-시군구명 유일 직접연결,관측지점 값은 시군구 전체 평균이 아님
247,남원,993.3,1008.5,22.8,0.7,28.5,31.8,28,17.6,11.9,6,26,0,16.5,72.0,6.1,,216.6,49.7,61.8,-95.5,22.6,20,10,5,4,0,,1.9,7.8,E,24,3,8,3,,0,,,,,202606,전북특별자치도,남원시,지점명-시군구명 유일 직접연결,관측지점 값은 시군구 전체 평균이 아님
248,장수,963.0,1009.1,20.6,0.5,26.7,29.9,16,14.9,9.1,6,21,0,12.8,75.0,6.3,,195.5,44.8,96.8,-68.1,37.9,29,10,7,3,2,,1.3,6.8,W,20,4,12,1,,0,,,,,202606,전북특별자치도,장수군,지점명-시군구명 유일 직접연결,관측지점 값은 시군구 전체 평균이 아님
251,고창군,1002.8,1008.6,22.7,,27.7,31.4,27,17.5,12.5,6,25,0,15.7,78.0,5.9,,156.7,49.0,70.5,,35.1,14,4,3,3,1,,1.7,7.8,SE,14,5,10,3,,0,,,,,202606,전북특별자치도,고창군,지점명-시군구명 유일 직접연결,관측지점 값은 시군구 전체 평균이 아님
252,영광군,1004.6,1008.9,22.2,0.4,27.5,31.0,16,17.8,12.4,6,26,0,15.0,74.0,5.8,,186.7,44.4,57.1,-47.6,36.5,20,6,3,2,1,,1.4,6.9,SW,20,4,9,3,,0,,,,,202606,전라남도,영광군,지점명-시군구명 유일 직접연결,관측지점 값은 시군구 전체 평균이 아님
253,김해시,1003.4,1009.7,22.8,0.1,27.8,31.5,1,18.8,15.9,10,25,0,16.7,75.0,6.1,,203.1,46.8,72.8,-68.0,39.3,20,6,4,3,1,,1.4,6.7,W,20,5,10,2,,0,,,,,202606,경상남도,김해시,지점명-시군구명 유일 직접연결,관측지점 값은 시군구 전체 평균이 아님
254,순창군,994.3,1009.2,22.7,0.3,28.8,32.5,29,17.3,11.7,6,27,0,15.5,67.0,5.9,,214.4,49.3,67.3,-55.0,31.0,20,8,4,3,1,,1.6,6.4,WNW,20,2,8,3,,0,,,,,202606,전북특별자치도,순창군,지점명-시군구명 유일 직접연결,관측지점 값은 시군구 전체 평균이 아님
257,양산시,1008.2,1008.9,23.5,0.8,29.0,32.5,14,19.1,14.7,6,25,0,16.7,74.0,6.0,,166.7,38.3,74.0,-73.7,42.9,20,8,5,3,1,,1.9,7.1,SW,20,4,10,2,,0,,,,,202606,경상남도,양산시,지점명-시군구명 유일 직접연결,관측지점 값은 시군구 전체 평균이 아님
258,보성군,1009.3,1009.5,22.8,,27.3,29.3,28,18.8,14.8,6,26,0,17.4,76.0,6.3,,200.7,46.2,157.6,,77.2,2,8,5,3,2,,2.7,8.7,ESE,23,3,11,3,,0,,,,,202606,전라남도,보성군,지점명-시군구명 유일 직접연결,관측지점 값은 시군구 전체 평균이 아님
259,강진군,1007.1,1008.9,22.7,0.7,28.1,31.4,27,18.2,12.4,6,28,0,16.6,76.0,6.4,,171.9,39.6,137.3,-19.3,85.2,2,6,6,3,1,,1.6,6.0,SW,20,2,14,2,,0,,,,,202606,전라남도,강진군,지점명-시군구명 유일 직접연결,관측지점 값은 시군구 전체 평균이 아님
260,장흥,1003.9,1008.9,22.4,1.0,27.2,30.3,26,18.1,12.7,6,26,0,15.6,78.0,6.2,,185.4,42.7,143.0,-44.0,91.4,2,8,6,3,1,,2.1,7.5,ESE,23,2,12,2,,0,,,,,202606,전라남도,장흥군,지점명-시군구명 유일 직접연결,관측지점 값은 시군구 전체 평균이 아님
261,해남,1007.5,1009.4,22.4,0.9,27.0,30.2,29,18.2,11.8,6,24,0,15.6,80.0,6.3,,187.2,43.2,180.6,19.7,111.3,2,6,6,5,1,,2.7,11.6,SW,20,3,10,2,,0,,,,,202606,전라남도,해남군,지점명-시군구명 유일 직접연결,관측지점 값은 시군구 전체 평균이 아님
262,고흥,1003.0,1009.0,22.1,1.0,27.4,30.4,27,17.5,11.3,6,25,0,18.8,77.0,6.6,,180.7,41.7,172.7,-14.2,94.0,2,8,7,4,2,,1.7,6.6,E,23,3,14,2,,0,,,,,202606,전라남도,고흥군,지점명-시군구명 유일 직접연결,관측지점 값은 시군구 전체 평균이 아님
263,의령군,1007.4,1009.0,22.6,0.4,28.6,32.1,18,17.1,11.4,6,27,0,15.2,74.0,5.8,,181.8,43.2,69.4,-52.1,36.8,20,6,3,2,1,,1.6,10.3,SW,20,4,10,2,,0,,,,,202606,경상남도,의령군,지점명-시군구명 유일 직접연결,관측지점 값은 시군구 전체 평균이 아님
264,함양군,991.6,1009.0,22.2,0.2,28.6,32.4,18,16.2,10.2,6,25,0,15.1,71.0,6.1,,204.7,46.9,58.6,-55.4,17.6,20,7,5,4,0,,1.4,5.8,W,5,3,12,2,,0,,,,,202606,경상남도,함양군,지점명-시군구명 유일 직접연결,관측지점 값은 시군구 전체 평균이 아님
266,광양시,999.2,1009.4,22.8,,27.5,30.0,13,18.9,14.9,6,25,0,16.8,76.0,6.1,,195.7,45.1,116.7,,45.3,20,8,6,3,2,,1.6,5.4,WNW,20,3,12,3,,0,,,,,202606,전라남도,광양시,지점명-시군구명 유일 직접연결,관측지점 값은 시군구 전체 평균이 아님
268,진도군,1006.9,1008.0,21.6,0.3,26.0,29.1,28,17.4,11.7,10,23,0,17.0,80.0,6.3,,198.3,45.8,190.5,36.6,137.1,2,7,5,4,1,,1.8,7.4,SW,20,3,11,2,,0,,,,,202606,전라남도,진도군,지점명-시군구명 유일 직접연결,관측지점 값은 시군구 전체 평균이 아님
271,봉화,972.5,1009.6,20.1,0.5,27.3,32.3,17,13.1,7.7,6,21,0,10.7,70.0,5.3,,220.1,50.0,65.5,-77.7,49.3,20,6,4,2,1,,1.4,5.2,SE,24,5,7,1,,0,,,,,202606,경상북도,봉화군,지점명-시군구명 유일 직접연결,관측지점 값은 시군구 전체 평균이 아님
272,영주,984.9,1009.0,21.5,0.2,27.8,31.9,19,15.7,10.8,6,23,0,13.6,70.0,5.2,,240.6,54.7,140.5,-18.0,121.7,20,6,6,1,1,,1.8,9.1,NW,5,4,8,1,,0,,,,,202606,경상북도,영주시,지점명-시군구명 유일 직접연결,관측지점 값은 시군구 전체 평균이 아님
273,문경,988.6,1008.4,22.1,0.8,28.3,32.0,17,16.3,11.9,6,27,0,13.2,70.0,5.0,,224.3,51.1,132.0,-22.8,102.1,20,4,3,3,1,,1.4,6.0,WNW,4,7,6,1,,0,,,,,202606,경상북도,문경시,지점명-시군구명 유일 직접연결,관측지점 값은 시군구 전체 평균이 아님
276,청송군,984.9,1008.8,20.9,0.3,28.0,32.8,17,14.1,9.3,6,24,0,11.8,75.0,5.4,,228.1,52.0,60.8,-32.9,35.2,20,7,4,2,1,,1.7,6.5,WNW,20,6,11,1,,0,,,,,202606,경상북도,청송군,지점명-시군구명 유일 직접연결,관측지점 값은 시군구 전체 평균이 아님
277,영덕,1004.8,1009.5,20.5,0.1,25.7,31.3,1,15.9,12.9,28,18,0,14.6,78.0,5.3,,233.6,53.2,101.9,-11.5,77.7,20,7,5,2,1,,2.2,7.9,ENE,21,5,10,2,,0,,,,,202606,경상북도,영덕군,지점명-시군구명 유일 직접연결,관측지점 값은 시군구 전체 평균이 아님
278,의성,998.7,1008.0,22.4,0.8,29.4,33.0,17,15.7,10.8,6,27,0,13.1,69.0,5.3,,218.2,49.9,32.5,-83.3,21.2,20,6,4,1,0,,1.2,6.2,WNW,20,5,10,1,,0,,,,,202606,경상북도,의성군,지점명-시군구명 유일 직접연결,관측지점 값은 시군구 전체 평균이 아님
279,구미,1003.0,1008.6,24.0,1.4,30.1,34.0,30,18.1,13.6,6,30,0,15.6,61.0,5.3,,221.2,50.6,42.3,-78.0,29.6,20,6,3,1,0,,1.4,5.6,WNW,5,6,9,1,,0,,,,,202606,경상북도,구미시,지점명-시군구명 유일 직접연결,관측지점 값은 시군구 전체 평균이 아님
281,영천,998.5,1009.5,21.9,0.2,27.7,31.8,13,16.5,11.6,6,24,0,14.0,71.0,5.6,,222.0,50.8,39.2,-86.8,22.4,20,5,5,1,0,,1.7,6.1,W,20,5,9,1,,0,,,,,202606,경상북도,영천시,지점명-시군구명 유일 직접연결,관측지점 값은 시군구 전체 평균이 아님
283,경주시,1004.9,1009.5,22.1,0.2,27.9,34.1,18,17.0,13.2,6,22,0,14.2,75.0,5.9,,203.2,46.5,66.5,-34.1,44.8,20,7,4,1,1,,2.2,7.3,WNW,5,5,11,6,,0,,,,,202606,경상북도,경주시,지점명-시군구명 유일 직접연결,관측지점 값은 시군구 전체 평균이 아님
284,거창,981.8,1007.9,21.8,0.6,28.0,31.7,18,15.8,9.1,6,25,0,13.0,74.0,5.9,,212.4,48.7,50.5,-98.9,23.1,20,5,5,2,0,,1.7,6.3,SW,20,3,9,1,,0,,,,,202606,경상남도,거창군,지점명-시군구명 유일 직접연결,관측지점 값은 시군구 전체 평균이 아님
285,합천,1006.0,1009.0,22.9,0.7,28.9,32.0,16,17.3,11.5,6,25,0,16.5,73.0,5.7,,199.3,45.7,54.5,-92.2,25.3,20,5,4,2,0,,1.0,4.8,W,20,3,10,2,,0,,,,,202606,경상남도,합천군,지점명-시군구명 유일 직접연결,관측지점 값은 시군구 전체 평균이 아님
288,밀양,1006.6,1007.5,23.5,1.2,29.5,32.9,18,18.3,14.5,6,27,0,17.8,69.0,5.8,,202.2,46.4,82.7,-73.2,62.0,20,5,4,2,1,,1.6,5.9,SE,13,4,10,1,,0,,,,,202606,경상남도,밀양시,지점명-시군구명 유일 직접연결,관측지점 값은 시군구 전체 평균이 아님
289,산청,993.8,1009.7,22.2,0.6,28.2,32.0,18,16.8,11.5,6,25,0,15.0,75.0,6.0,,194.5,44.7,65.7,-106.7,25.8,20,7,4,3,0,,1.4,6.5,W,5,3,10,3,,0,,,,,202606,경상남도,산청군,지점명-시군구명 유일 직접연결,관측지점 값은 시군구 전체 평균이 아님
294,거제,1004.6,1009.7,21.8,0.6,25.8,29.3,18,18.4,14.9,10,22,0,15.7,77.0,6.1,,182.0,41.9,134.9,-102.2,66.2,20,11,7,3,2,,1.5,5.6,E,20,4,9,5,,0,,,,,202606,경상남도,거제시,지점명-시군구명 유일 직접연결,관측지점 값은 시군구 전체 평균이 아님
295,남해,1003.9,1009.2,22.2,0.6,26.7,29.3,16,18.6,15.6,12,22,0,16.1,75.0,6.3,,190.8,44.0,164.0,-79.8,73.5,20,8,7,2,2,,1.4,6.2,E,23,4,13,3,,0,,,,,202606,경상남도,남해군,지점명-시군구명 유일 직접연결,관측지점 값은 시군구 전체 평균이 아님
