source_name,provider,official_page,public_data_id,download_url_or_api_endpoint,retrieval_date,file_name,file_size,encoding,row_count,column_count,update_cycle,spatial_scope,temporal_scope,license,api_key_required,download_success,failure_reason,checksum_sha256
LOCALDATA 일반음식점,행정안전부,https://www.data.go.kr/data/15045016/fileData.do,15045016,https://file.localdata.go.kr/file/download/general_restaurants/info,2026-09-04 (기존 원본 재사용),dataset/외부데이터/폐업_전국/raw/localdata/general_restaurants/일반음식점.csv,696401999,cp949,2294794.0,39.0,매일(2일 전 기준 현행화),전국 개별 인허가/등록,최신 스냅샷+과거 인허가·폐업일; 2026H1 재구성,이용허락범위 제한 없음,False,True,,90247868f8a58c931e1ebfc8d89ceb74df74c1ccd4a88589c1a08c6038da3103
LOCALDATA 휴게음식점,행정안전부,https://www.data.go.kr/data/15006730/fileData.do,15006730,https://file.localdata.go.kr/file/download/rest_cafes/info,2026-09-04 (기존 원본 재사용),dataset/외부데이터/폐업_전국/raw/localdata/rest_cafes/휴게음식점.csv,207233039,cp949,645608.0,39.0,매일(2일 전 기준 현행화),전국 개별 인허가/등록,최신 스냅샷+과거 인허가·폐업일; 2026H1 재구성,이용허락범위 제한 없음,False,True,,98036f144ae9ad0f54ce6ed397908f8f80cbdea5db2ce5d7a152db216bf2624e
LOCALDATA 제과점영업,행정안전부,https://www.data.go.kr/data/15006688/fileData.do,15006688,https://file.localdata.go.kr/file/download/bakeries/info,2026-09-04 (기존 원본 재사용),dataset/외부데이터/폐업_전국/raw/localdata/bakery/제과점.csv,22654613,cp949,69480.0,39.0,매일(2일 전 기준 현행화),전국 개별 인허가/등록,최신 스냅샷+과거 인허가·폐업일; 2026H1 재구성,이용허락범위 제한 없음,False,True,,90ade8a48f0aa8fdacf276cee623facf2ce8d20f3768e3a7f2116dcef35e3f9f
LOCALDATA 대규모·준대규모점포,행정안전부,https://www.data.go.kr/data/15114138/standard.do,15114138 (현재 파일 카탈로그 15045013),https://file.localdata.go.kr/file/download/large_scale_retail_stores/info,2026-09-08,dataset/외부데이터/폐업_전국/raw/localdata/large_scale_retail/생활_대규모점포.csv,1185779,cp949,4183.0,26.0,매일(2일 전 기준 현행화),전국 개별 인허가/등록,최신 스냅샷+과거 인허가·폐업일; 2026H1 재구성,이용허락범위 제한 없음,False,True,,79ea10081e6ef2a6ebf66261dcf9c01238df31e9369dcd9f9cb89e046040065b
LOCALDATA 식품판매업(기타),행정안전부,https://www.data.go.kr/data/15044979/fileData.do,15044979,https://file.localdata.go.kr/file/download/other_food_retailers/info,2026-09-08,dataset/외부데이터/폐업_전국/raw/localdata/food_retail/식품판매업_기타.csv,4575871,cp949,13814.0,39.0,매일(2일 전 기준 현행화),전국 개별 인허가/등록,최신 스냅샷+과거 인허가·폐업일; 2026H1 재구성,이용허락범위 제한 없음,False,True,,7e08199dd9161576ddc34fbb269aa19fabcacc039d1fda61a621a0d246dc60b1
LOCALDATA 안전상비의약품판매업소,행정안전부,https://file.localdata.go.kr/file/over_the_counter_medicine_stores/info,LOCALDATA file service,https://file.localdata.go.kr/file/download/over_the_counter_medicine_stores/info,2026-09-08,dataset/외부데이터/폐업_전국/raw/localdata/other_candidates/안전상비의약품판매업소.csv,25296473,cp949,92009.0,23.0,매일,전국 개별 인허가/등록,최신 스냅샷+과거 인허가·폐업일; 2026H1 재구성,이용허락범위 제한 없음,False,True,,af3cbde89eab0c2b08c52ab32eed7694b26e3b1753bfbff7fef0647b449dea34
LOCALDATA 담배소매업,행정안전부,https://file.localdata.go.kr/file/tobacco_retailers/info,LOCALDATA file service,https://file.localdata.go.kr/file/download/tobacco_retailers/info,2026-09-08,dataset/외부데이터/폐업_전국/raw/localdata/other_candidates/담배소매업.csv,182868555,cp949,657168.0,24.0,매일,전국 개별 인허가/등록,최신 스냅샷+과거 인허가·폐업일; 2026H1 재구성,이용허락범위 제한 없음,False,True,,03651a46425722a211647cb0bf73d73fdd444bf1eca46334755a27b6e13a2f9e
국세청 월간 지역 경제지표,국세청,https://tasis.nts.go.kr/,15061118 관련 월간 원본,TASIS 공식 다운로드,2026-09-02 (기존 원본 재사용),dataset/외부데이터/폐업_전국/raw/nts/월간 지역 경제지표(2026년 1월).xlsx,15766816,xlsx,,,월,전국 시군구×생활업종,월간 지역 경제지표(2026년 1월),공공자료,False,True,,499553bb9c606df2a172a5a6a36941e87310a91168324b64372d300973742bc3
국세청 월간 지역 경제지표,국세청,https://tasis.nts.go.kr/,15061118 관련 월간 원본,TASIS 공식 다운로드,2026-09-02 (기존 원본 재사용),dataset/외부데이터/폐업_전국/raw/nts/월간 지역 경제지표(2026년 2월).xlsx,15717903,xlsx,,,월,전국 시군구×생활업종,월간 지역 경제지표(2026년 2월),공공자료,False,True,,87970720bc9cc5157f76b8d76bb0eb5a8d8ddd9ddd09d9577cf39b755e42f9c1
국세청 월간 지역 경제지표,국세청,https://tasis.nts.go.kr/,15061118 관련 월간 원본,TASIS 공식 다운로드,2026-09-02 (기존 원본 재사용),dataset/외부데이터/폐업_전국/raw/nts/월간 지역 경제지표(2026년 3월).xlsx,15803021,xlsx,,,월,전국 시군구×생활업종,월간 지역 경제지표(2026년 3월),공공자료,False,True,,f1e3bafa528ed4bc51dda8258b884493416f01be8510f70a4daa1f0bab27c2d0
국세청 월간 지역 경제지표,국세청,https://tasis.nts.go.kr/,15061118 관련 월간 원본,TASIS 공식 다운로드,2026-09-02 (기존 원본 재사용),dataset/외부데이터/폐업_전국/raw/nts/월간 지역 경제지표(2026년 4월).xlsx,15822956,xlsx,,,월,전국 시군구×생활업종,월간 지역 경제지표(2026년 4월),공공자료,False,True,,9aa7bf9ae19a90cc26fe61f9865dd661af78d397348967ec92db651ba30fb1b4
국세청 월간 지역 경제지표,국세청,https://tasis.nts.go.kr/,15061118 관련 월간 원본,TASIS 공식 다운로드,2026-09-02 (기존 원본 재사용),dataset/외부데이터/폐업_전국/raw/nts/월간 지역 경제지표(2026년 5월).xlsx,16180720,xlsx,,,월,전국 시군구×생활업종,월간 지역 경제지표(2026년 5월),공공자료,False,True,,f4d8f3df8be8f7bced59d041fd7419d132f956237d0bbec3ab380bf6764e653e
국세청 월간 지역 경제지표,국세청,https://tasis.nts.go.kr/,15061118 관련 월간 원본,TASIS 공식 다운로드,2026-09-02 (기존 원본 재사용),dataset/외부데이터/폐업_전국/raw/nts/월간 지역 경제지표(2026년 6월).xlsx,16151512,xlsx,,,월,전국 시군구×생활업종,월간 지역 경제지표(2026년 6월),공공자료,False,True,,f37e1700e2cf0ab30057b1d17678812cc00f5391785fe4a92fe58a8d445eedab
식약처 식품판매업 폐업정보,식품의약품안전처,https://www.data.go.kr/data/15077647/openapi.do,15077647,LINK API,2026-09-08,,0,,,,자료별 상이,자료별 상이,확인 불가,무료/공공누리(페이지 기준),True,False,API 활용신청·인증 필요; 이번 실행에 서비스키 없음,
식약처 즉석판매제조가공업 폐업정보,식품의약품안전처,https://www.data.go.kr/data/15077132/openapi.do,15077132,LINK API,2026-09-08,,0,,,,자료별 상이,자료별 상이,확인 불가,무료/공공누리(페이지 기준),True,False,API 활용신청·인증 필요; BC 직접 매핑도 낮음,
국세청 사업자등록 상태조회,국세청,https://www.data.go.kr/data/15081808/openapi.do,15081808,OpenAPI,2026-09-08,,0,,,,자료별 상이,자료별 상이,확인 불가,무료/공공누리(페이지 기준),True,False,LOCALDATA에 사업자등록번호가 없고 서비스키도 없어 NOT_USABLE_WITHOUT_BUSINESS_ID,
서울 상권분석서비스 점포_자치구,서울특별시,https://data.seoul.go.kr/dataList/OA-22173/S/1/datasetView.do,15147215 / OA-22173,서울 OpenAPI,2026-09-08,,0,,,,자료별 상이,자료별 상이,확인 불가,무료/공공누리(페이지 기준),True,False,전국 주자료가 아니며 API 키 없이 원자료 다운로드 불가; validation 보류,
