STRD_YYMM,SIDO_NM,CCG_NM,living_population,resident_population_pdf,stay_population,registered_foreigner_population
202601,강원특별자치도,고성군,352043,26849,323184,2010
202601,강원특별자치도,삼척시,278505,60307,217026,1172
202601,강원특별자치도,양구군,65820,20373,45122,325
202601,강원특별자치도,양양군,375055,27349,347139,567
202601,강원특별자치도,영월군,142191,35997,105558,636
202601,강원특별자치도,정선군,353675,34982,318307,386
202601,강원특별자치도,철원군,179858,39953,139073,832
202601,강원특별자치도,태백시,192239,36972,154884,383
202601,강원특별자치도,평창군,620587,39933,579869,785
202601,강원특별자치도,홍천군,581929,66008,514701,1220
202601,강원특별자치도,화천군,243120,22338,220494,288
202601,강원특별자치도,횡성군,290116,45591,243032,1493
202601,경기도,가평군,520306,62026,456536,1744
202601,경기도,연천군,169546,42475,125616,1455
202601,경상남도,거창군,182468,58898,122468,1102
202601,경상남도,고성군,207505,47018,158585,1902
202601,경상남도,남해군,252441,40874,210560,1007
202601,경상남도,밀양시,398666,99087,293963,5616
202601,경상남도,산청군,156568,32739,122602,1227
202601,경상남도,의령군,98035,24591,72444,1000
202601,경상남도,창녕군,267086,54924,208281,3881
202601,경상남도,하동군,148851,39942,107839,1070
202601,경상남도,함안군,244663,57548,182123,4992
202601,경상남도,함양군,128868,35414,92878,576
202601,경상남도,합천군,158996,39135,118785,1076
202601,경상북도,고령군,134022,29648,101915,2459
202601,경상북도,문경시,252335,65189,185881,1265
202601,경상북도,봉화군,96349,28252,67678,419
202601,경상북도,상주시,316066,89795,224195,2076
202601,경상북도,성주군,174349,40636,131187,2526
202601,경상북도,안동시,485574,152149,331400,2025
202601,경상북도,영덕군,331427,32627,297844,956
202601,경상북도,영양군,69856,15997,53651,208
202601,경상북도,영주시,255787,97021,157219,1547
202601,경상북도,영천시,330960,94943,231796,4221
202601,경상북도,울릉군,21345,8706,12489,150
202601,경상북도,울진군,283587,45853,236594,1140
202601,경상북도,의성군,151301,47875,102525,901
202601,경상북도,청도군,282161,40115,240865,1181
202601,경상북도,청송군,114404,23325,90782,297
202601,대구광역시,군위군,132975,22536,109895,544
202601,대구광역시,남구,570118,136497,431114,2507
202601,대구광역시,서구,543504,164018,376591,2895
202601,부산광역시,동구,700840,83765,614694,2381
202601,부산광역시,서구,451485,101633,346993,2859
202601,부산광역시,영도구,402931,101252,299400,2279
202601,인천광역시,강화군,458408,69698,387293,1417
202601,인천광역시,옹진군,162503,19559,142398,546
202601,전라남도,강진군,124643,31804,92130,709
202601,전라남도,고흥군,206230,59394,144176,2660
202601,전라남도,곡성군,103112,27426,75096,590
202601,전라남도,구례군,110833,23866,86714,253
202601,전라남도,담양군,313524,44140,268119,1265
202601,전라남도,보성군,176007,36956,138018,1033
202601,전라남도,신안군,136832,41850,93431,1551
202601,전라남도,영광군,165604,53713,110712,1179
202601,전라남도,영암군,214695,50051,154233,10411
202601,전라남도,완도군,162616,44535,114005,4076
202601,전라남도,장성군,200037,42975,155713,1349
202601,전라남도,장흥군,133149,34141,97930,1078
202601,전라남도,진도군,121914,27925,91614,2375
202601,전라남도,함평군,127151,29394,96559,1198
202601,전라남도,해남군,234374,62171,168280,3923
202601,전라남도,화순군,285290,60205,223886,1199
202601,전북특별자치도,고창군,200802,50242,148835,1725
202601,전북특별자치도,김제시,281852,81823,196537,3492
202601,전북특별자치도,남원시,258087,74364,182133,1590
202601,전북특별자치도,무주군,372117,22777,349056,284
202601,전북특별자치도,부안군,247370,47193,198768,1409
202601,전북특별자치도,순창군,94317,27665,66165,487
202601,전북특별자치도,임실군,111303,25298,85572,433
202601,전북특별자치도,장수군,63884,21015,42409,460
202601,전북특별자치도,정읍시,287499,101129,182872,3498
202601,전북특별자치도,진안군,106873,24284,82123,466
202601,충청남도,공주시,514704,99730,411760,3214
202601,충청남도,금산군,213468,48804,161487,3177
202601,충청남도,논산시,407840,106615,293943,7282
202601,충청남도,보령시,463543,91882,367393,4268
202601,충청남도,부여군,216746,58223,156549,1974
202601,충청남도,서천군,191838,47172,142383,2283
202601,충청남도,예산군,386313,78722,303008,4583
202601,충청남도,청양군,167391,29958,136287,1146
202601,충청남도,태안군,287181,59379,225765,2037
202601,충청북도,괴산군,179562,38166,140279,1117
202601,충청북도,단양군,163887,26788,136660,439
202601,충청북도,보은군,129813,30603,98325,885
202601,충청북도,영동군,156974,43136,112934,904
202601,충청북도,옥천군,199730,50000,148293,1437
202601,충청북도,제천시,411632,127803,280034,3795
202602,강원특별자치도,고성군,345642,26942,316796,1904
202602,강원특별자치도,삼척시,313342,60135,251973,1234
202602,강원특별자치도,양구군,78002,20382,57304,316
202602,강원특별자치도,양양군,355073,27390,327130,553
202602,강원특별자치도,영월군,215915,35917,179382,616
202602,강원특별자치도,정선군,354387,35001,319007,379
202602,강원특별자치도,철원군,205715,39818,165049,848
202602,강원특별자치도,태백시,205107,36886,167842,379
202602,강원특별자치도,평창군,562073,39949,521406,718
202602,강원특별자치도,홍천군,570999,65937,503856,1206
202602,강원특별자치도,화천군,110433,22284,87870,279
202602,강원특별자치도,횡성군,314174,45583,267116,1475
202602,경기도,가평군,612089,62030,548347,1712
202602,경기도,연천군,209735,42578,165689,1468
202602,경상남도,거창군,207868,58737,147986,1145
202602,경상남도,고성군,248310,46901,199491,1918
202602,경상남도,남해군,297711,40887,255830,994
202602,경상남도,밀양시,483020,98901,378494,5625
202602,경상남도,산청군,187659,32679,153740,1240
202602,경상남도,의령군,130570,24531,105058,981
202602,경상남도,창녕군,312266,54883,253536,3847
202602,경상남도,하동군,202968,39835,162094,1039
202602,경상남도,함안군,281593,57345,219261,4987
202602,경상남도,함양군,148153,35388,112199,566
202602,경상남도,합천군,221704,39011,181627,1066
202602,경상북도,고령군,166365,29625,134305,2435
202602,경상북도,문경시,331404,64989,265190,1225
202602,경상북도,봉화군,124779,28158,96203,418
202602,경상북도,상주시,384185,89602,292627,1956
202602,경상북도,성주군,214747,40571,171616,2560
202602,경상북도,안동시,570453,151745,416722,1986
202602,경상북도,영덕군,308603,32589,275061,953
202602,경상북도,영양군,67874,15986,51687,201
202602,경상북도,영주시,317205,96790,218878,1537
202602,경상북도,영천시,417400,94756,318468,4176
202602,경상북도,울릉군,25664,8724,16788,152
202602,경상북도,울진군,293124,45962,246024,1138
202602,경상북도,의성군,212288,47868,163521,899
202602,경상북도,청도군,345276,40119,304057,1100
202602,경상북도,청송군,133874,23313,110270,291
202602,대구광역시,군위군,174431,22567,151325,539
202602,대구광역시,남구,610683,137746,470518,2419
202602,대구광역시,서구,598765,163987,431902,2876
202602,부산광역시,동구,712740,83553,626811,2376
202602,부산광역시,서구,479817,101572,375264,2981
202602,부산광역시,영도구,443781,100944,340604,2233
202602,인천광역시,강화군,543073,69677,471985,1411
202602,인천광역시,옹진군,176312,19455,156288,569
202602,전라남도,강진군,183152,31759,150701,692
202602,전라남도,고흥군,283879,59317,221877,2685
202602,전라남도,곡성군,143422,27499,115318,605
202602,전라남도,구례군,147503,23904,123341,258
202602,전라남도,담양군,385650,44108,340187,1355
202602,전라남도,보성군,217791,36819,179894,1078
202602,전라남도,신안군,167809,41889,124397,1523
202602,전라남도,영광군,206541,53807,151537,1197
202602,전라남도,영암군,260650,50058,200251,10341
202602,전라남도,완도군,203934,44416,155349,4169
202602,전라남도,장성군,241753,43001,197405,1347
202602,전라남도,장흥군,162785,34102,127570,1113
202602,전라남도,진도군,151851,27922,121622,2307
202602,전라남도,함평군,164794,29325,134281,1188
202602,전라남도,해남군,296553,62147,230507,3899
202602,전라남도,화순군,338455,60160,277106,1189
202602,전북특별자치도,고창군,262385,50196,210503,1686
202602,전북특별자치도,김제시,341817,81743,256569,3505
202602,전북특별자치도,남원시,313048,74243,237242,1563
202602,전북특별자치도,무주군,308963,22871,285829,263
202602,전북특별자치도,부안군,301741,47100,253258,1383
202602,전북특별자치도,순창군,128892,27687,100718,487
202602,전북특별자치도,임실군,155835,25309,130093,433
202602,전북특별자치도,장수군,87162,21052,65670,440
202602,전북특별자치도,정읍시,360359,100980,255855,3524
202602,전북특별자치도,진안군,140093,24289,115343,461
202602,충청남도,공주시,665320,99551,562647,3122
202602,충청남도,금산군,251174,48741,199292,3141
202602,충청남도,논산시,492887,106522,379126,7239
202602,충청남도,보령시,514643,91621,418950,4072
202602,충청남도,부여군,300805,58036,240797,1972
202602,충청남도,서천군,236798,47074,187483,2241
202602,충청남도,예산군,468942,78647,385743,4552
202602,충청남도,청양군,178609,29919,147532,1158
202602,충청남도,태안군,365447,59169,304280,1998
202602,충청북도,괴산군,245981,37774,207103,1104
202602,충청북도,단양군,222061,26711,194934,416
202602,충청북도,보은군,183271,30601,151788,882
202602,충청북도,영동군,185834,43043,141865,926
202602,충청북도,옥천군,229147,50117,177586,1444
202602,충청북도,제천시,492692,127640,361306,3746
202603,강원특별자치도,고성군,255758,27076,226651,2031
202603,강원특별자치도,삼척시,269280,60450,207485,1345
202603,강원특별자치도,양구군,78686,20368,57998,320
202603,강원특별자치도,양양군,288590,27364,260662,564
202603,강원특별자치도,영월군,228965,35868,192488,609
202603,강원특별자치도,정선군,223863,35053,188411,399
202603,강원특별자치도,철원군,178795,39802,138132,861
202603,강원특별자치도,태백시,110969,36859,73723,387
202603,강원특별자치도,평창군,317115,39860,276524,731
202603,강원특별자치도,홍천군,399164,65962,331984,1218
202603,강원특별자치도,화천군,88176,22290,65605,281
202603,강원특별자치도,횡성군,257116,45573,210086,1457
202603,경기도,가평군,619208,61963,555490,1755
202603,경기도,연천군,207200,42684,163008,1508
202603,경상남도,거창군,171693,58909,111657,1127
202603,경상남도,고성군,232657,46842,183858,1957
202603,경상남도,남해군,267529,41054,225507,968
202603,경상남도,밀양시,471680,98775,366891,6014
202603,경상남도,산청군,168495,32662,134566,1267
202603,경상남도,의령군,121482,24503,95983,996
202603,경상남도,창녕군,289803,54743,231121,3939
202603,경상남도,하동군,309530,39769,268656,1105
202603,경상남도,함안군,261508,57208,199265,5035
202603,경상남도,함양군,121210,35322,85288,600
202603,경상남도,합천군,195103,38996,155034,1073
202603,경상북도,고령군,194682,29608,162521,2553
202603,경상북도,문경시,284798,64904,218673,1221
202603,경상북도,봉화군,95940,28174,67339,427
202603,경상북도,상주시,324389,89579,232750,2060
202603,경상북도,성주군,199019,40554,155899,2566
202603,경상북도,안동시,512190,152097,358146,1947
202603,경상북도,영덕군,265525,32544,232030,951
202603,경상북도,영양군,53737,16005,37534,198
202603,경상북도,영주시,256376,96673,158116,1587
202603,경상북도,영천시,386457,94633,287612,4212
202603,경상북도,울릉군,26428,8744,17531,153
202603,경상북도,울진군,243101,46030,195932,1139
202603,경상북도,의성군,205592,47820,156860,912
202603,경상북도,청도군,329820,40124,288589,1107
202603,경상북도,청송군,101731,23283,78204,244
202603,대구광역시,군위군,170949,22587,147805,557
202603,대구광역시,남구,588109,138546,447009,2554
202603,대구광역시,서구,534491,163853,367737,2901
202603,부산광역시,동구,671840,83530,585928,2382
202603,부산광역시,서구,458500,101452,354071,2977
202603,부산광역시,영도구,381217,100733,278177,2307
202603,인천광역시,강화군,517377,69615,446340,1422
202603,인천광역시,옹진군,188825,19425,168795,605
202603,전라남도,강진군,164762,31776,132307,679
202603,전라남도,고흥군,218255,59194,156334,2727
202603,전라남도,곡성군,137495,27582,109267,646
202603,전라남도,구례군,406949,23941,382743,265
202603,전라남도,담양군,360989,44101,315526,1362
202603,전라남도,보성군,184459,36729,146655,1075
202603,전라남도,신안군,166013,42045,122418,1550
202603,전라남도,영광군,189269,53957,134080,1232
202603,전라남도,영암군,240112,50039,179719,10354
202603,전라남도,완도군,162885,44339,114285,4261
202603,전라남도,장성군,242744,42984,198401,1359
202603,전라남도,장흥군,132559,34076,97364,1119
202603,전라남도,진도군,116713,27922,86445,2346
202603,전라남도,함평군,145218,29320,114675,1223
202603,전라남도,해남군,253195,62114,187106,3975
202603,전라남도,화순군,318979,60126,257648,1205
202603,전북특별자치도,고창군,244978,50228,193054,1696
202603,전북특별자치도,김제시,298972,81713,213727,3532
202603,전북특별자치도,남원시,286317,74065,210704,1548
202603,전북특별자치도,무주군,135936,23063,112606,267
202603,전북특별자치도,부안군,268456,47038,220003,1415
202603,전북특별자치도,순창군,114704,27627,86589,488
202603,전북특별자치도,임실군,151455,25300,125727,428
202603,전북특별자치도,장수군,71692,21090,50165,437
202603,전북특별자치도,정읍시,316610,100795,212287,3528
202603,전북특별자치도,진안군,134184,24321,109397,466
202603,충청남도,공주시,605060,99843,502026,3191
202603,충청남도,금산군,250290,48853,198192,3245
202603,충청남도,논산시,578509,106295,464802,7412
202603,충청남도,보령시,480882,91434,385380,4068
202603,충청남도,부여군,253037,57984,192958,2095
202603,충청남도,서천군,255877,46982,206665,2230
202603,충청남도,예산군,400112,78604,316845,4663
202603,충청남도,청양군,135287,30077,104040,1170
202603,충청남도,태안군,380255,59177,319053,2025
202603,충청북도,괴산군,221430,37532,182776,1122
202603,충청북도,단양군,188321,26644,161264,413
202603,충청북도,보은군,172439,30662,140883,894
202603,충청북도,영동군,165360,42974,121394,992
202603,충청북도,옥천군,235389,50259,183556,1574
202603,충청북도,제천시,455086,128269,322981,3836
