SIDO_NM,CCG_NM,STRD_YYMM,registered_foreigners
경기도,가평군,202603,1388
경기도,고양시 덕양구,202603,5802
경기도,고양시 일산동구,202603,4753
경기도,고양시 일산서구,202603,3651
경기도,과천시,202603,239
경기도,광명시,202603,3018
경기도,광주시,202603,15412
경기도,구리시,202603,1754
경기도,군포시,202603,5849
경기도,김포시,202603,26433
경기도,남양주시,202603,10157
경기도,동두천시,202603,4431
경기도,부천시 소사구,202603,12448
경기도,부천시 오정구,202603,3437
경기도,부천시 원미구,202603,16082
경기도,성남시 분당구,202603,3016
경기도,성남시 수정구,202603,12167
경기도,성남시 중원구,202603,2809
경기도,수원시 권선구,202603,10669
경기도,수원시 영통구,202603,9539
경기도,수원시 장안구,202603,7794
경기도,수원시 팔달구,202603,12641
경기도,시흥시,202603,41090
경기도,안산시 단원구,202603,36742
경기도,안산시 상록구,202603,15830
경기도,안성시,202603,15538
경기도,안양시 동안구,202603,1889
경기도,안양시 만안구,202603,5317
경기도,양주시,202603,10389
경기도,양평군,202603,1746
경기도,여주시,202603,5279
경기도,연천군,202603,1486
경기도,오산시,202603,11585
경기도,용인시 기흥구,202603,5749
경기도,용인시 수지구,202603,3288
경기도,용인시 처인구,202603,12393
경기도,의왕시,202603,1114
경기도,의정부시,202603,8344
경기도,이천시,202603,11488
경기도,파주시,202603,16658
경기도,평택시,202603,36757
경기도,포천시,202603,16819
경기도,하남시,202603,2606
경기도,화성시 동탄구,202603,3429
경기도,화성시 만세구,202603,40446
경기도,화성시 병점구,202603,3491
경기도,화성시 효행구,202603,7691
경상남도,거제시,202603,16501
경상남도,거창군,202603,1143
경상남도,고성군,202603,2180
경상남도,김해시,202603,27704
경상남도,남해군,202603,1253
경상남도,밀양시,202603,6409
경상남도,사천시,202603,4173
경상남도,산청군,202603,1301
경상남도,양산시,202603,9710
경상남도,의령군,202603,1090
경상남도,진주시,202603,7269
경상남도,창녕군,202603,3671
경상남도,창원시 마산합포구,202603,2683
경상남도,창원시 마산회원구,202603,2932
경상남도,창원시 성산구,202603,4748
경상남도,창원시 의창구,202603,4000
경상남도,창원시 진해구,202603,5426
경상남도,통영시,202603,5345
경상남도,하동군,202603,1131
경상남도,함안군,202603,5265
경상남도,함양군,202603,582
경상남도,합천군,202603,1118
경상북도,경산시,202603,22532
경상북도,경주시,202603,15640
경상북도,고령군,202603,2742
경상북도,구미시,202603,7625
경상북도,김천시,202603,4377
경상북도,문경시,202603,1122
경상북도,봉화군,202603,426
경상북도,상주시,202603,2111
경상북도,성주군,202603,2846
경상북도,안동시,202603,2057
경상북도,영덕군,202603,1344
경상북도,영양군,202603,234
경상북도,영주시,202603,1576
경상북도,영천시,202603,4350
경상북도,예천군,202603,561
경상북도,울릉군,202603,154
경상북도,울진군,202603,1767
경상북도,의성군,202603,897
경상북도,청도군,202603,1319
경상북도,청송군,202603,246
경상북도,칠곡군,202603,5999
경상북도,포항시 남구,202603,4394
경상북도,포항시 북구,202603,3427
광주광역시,광산구,202603,16401
광주광역시,남구,202603,1768
광주광역시,동구,202603,1943
광주광역시,북구,202603,5858
광주광역시,서구,202603,2927
대구광역시,군위군,202603,604
대구광역시,남구,202603,2482
대구광역시,달서구,202603,13825
대구광역시,달성군,202603,8215
대구광역시,동구,202603,2100
대구광역시,북구,202603,7433
대구광역시,서구,202603,2897
대구광역시,수성구,202603,1768
대구광역시,중구,202603,1000
대전광역시,대덕구,202603,3878
대전광역시,동구,202603,7839
대전광역시,서구,202603,6382
대전광역시,유성구,202603,9402
대전광역시,중구,202603,1714
부산광역시,강서구,202603,7258
부산광역시,금정구,202603,4948
부산광역시,기장군,202603,3232
부산광역시,남구,202603,8345
부산광역시,동구,202603,2002
부산광역시,동래구,202603,1120
부산광역시,부산진구,202603,3751
부산광역시,북구,202603,2505
부산광역시,사상구,202603,7628
부산광역시,사하구,202603,5449
부산광역시,서구,202603,3111
부산광역시,수영구,202603,1949
부산광역시,연제구,202603,1034
부산광역시,영도구,202603,2427
부산광역시,중구,202603,2488
부산광역시,해운대구,202603,4610
서울특별시,강남구,202603,6128
서울특별시,강동구,202603,4823
서울특별시,강북구,202603,7076
서울특별시,강서구,202603,6711
서울특별시,관악구,202603,19668
서울특별시,광진구,202603,17683
서울특별시,구로구,202603,23925
서울특별시,금천구,202603,13945
서울특별시,노원구,202603,5220
서울특별시,도봉구,202603,3131
서울특별시,동대문구,202603,20412
서울특별시,동작구,202603,12388
서울특별시,마포구,202603,11498
서울특별시,서대문구,202603,16243
서울특별시,서초구,202603,4847
서울특별시,성동구,202603,7925
서울특별시,성북구,202603,14509
서울특별시,송파구,202603,6317
서울특별시,양천구,202603,3397
서울특별시,영등포구,202603,23205
서울특별시,용산구,202603,12746
서울특별시,은평구,202603,4510
서울특별시,종로구,202603,11471
서울특별시,중구,202603,10366
서울특별시,중랑구,202603,6905
세종특별자치시,nan,202603,6757
울산광역시,남구,202603,4972
울산광역시,동구,202603,11157
울산광역시,북구,202603,2995
울산광역시,울주군,202603,9264
울산광역시,중구,202603,1846
인천광역시,강화군,202603,1289
인천광역시,계양구,202603,3931
인천광역시,남동구,202603,13992
인천광역시,동구,202603,1077
인천광역시,미추홀구,202603,14816
인천광역시,부평구,202603,18188
인천광역시,서구,202603,16837
인천광역시,연수구,202603,19332
인천광역시,옹진군,202603,725
인천광역시,중구,202603,5711
전라남도,강진군,202603,715
전라남도,고흥군,202603,3185
전라남도,곡성군,202603,704
전라남도,광양시,202603,2372
전라남도,구례군,202603,234
전라남도,나주시,202603,5529
전라남도,담양군,202603,1552
전라남도,목포시,202603,4964
전라남도,무안군,202603,2444
전라남도,보성군,202603,1221
전라남도,순천시,202603,3785
전라남도,신안군,202603,1988
전라남도,여수시,202603,7393
전라남도,영광군,202603,1344
전라남도,영암군,202603,10247
전라남도,완도군,202603,5850
전라남도,장성군,202603,1475
전라남도,장흥군,202603,1207
전라남도,진도군,202603,3136
전라남도,함평군,202603,1342
전라남도,해남군,202603,4443
전라남도,화순군,202603,1215
제주특별자치도,서귀포시,202603,10120
제주특별자치도,제주시,202603,18426
충청남도,계룡시,202603,287
충청남도,공주시,202603,3145
충청남도,금산군,202603,3466
충청남도,논산시,202603,7766
충청남도,당진시,202603,8862
충청남도,보령시,202603,4911
충청남도,부여군,202603,2249
충청남도,서산시,202603,6200
충청남도,서천군,202603,2728
충청남도,아산시,202603,25402
충청남도,예산군,202603,4166
충청남도,천안시 동남구,202603,12042
충청남도,천안시 서북구,202603,18137
충청남도,청양군,202603,1153
충청남도,태안군,202603,2366
충청남도,홍성군,202603,4328
충청북도,괴산군,202603,1194
충청북도,단양군,202603,394
충청북도,보은군,202603,838
충청북도,영동군,202603,1130
충청북도,옥천군,202603,1515
충청북도,음성군,202603,15405
충청북도,제천시,202603,3596
충청북도,증평군,202603,1448
충청북도,진천군,202603,9122
충청북도,청주시 상당구,202603,1670
충청북도,청주시 서원구,202603,4420
충청북도,청주시 청원구,202603,7420
충청북도,청주시 흥덕구,202603,7802
충청북도,충주시,202603,6636
강원특별자치도,강릉시,202603,4236
강원특별자치도,고성군,202603,2179
강원특별자치도,동해시,202603,990
강원특별자치도,삼척시,202603,1463
강원특별자치도,속초시,202603,1916
강원특별자치도,양구군,202603,432
강원특별자치도,양양군,202603,518
강원특별자치도,영월군,202603,578
강원특별자치도,원주시,202603,5736
강원특별자치도,인제군,202603,548
강원특별자치도,정선군,202603,376
강원특별자치도,철원군,202603,1001
강원특별자치도,춘천시,202603,5602
강원특별자치도,태백시,202603,341
강원특별자치도,평창군,202603,650
강원특별자치도,홍천군,202603,1147
강원특별자치도,화천군,202603,277
강원특별자치도,횡성군,202603,1388
전북특별자치도,고창군,202603,1956
전북특별자치도,군산시,202603,10422
전북특별자치도,김제시,202603,3657
전북특별자치도,남원시,202603,1435
전북특별자치도,무주군,202603,336
전북특별자치도,부안군,202603,1508
전북특별자치도,순창군,202603,493
전북특별자치도,완주군,202603,5086
전북특별자치도,익산시,202603,7388
전북특별자치도,임실군,202603,460
전북특별자치도,장수군,202603,460
전북특별자치도,전주시 덕진구,202603,7003
전북특별자치도,전주시 완산구,202603,5097
전북특별자치도,정읍시,202603,3784
전북특별자치도,진안군,202603,511
강원특별자치도,강릉시,202606,4421
강원특별자치도,고성군,202606,2506
강원특별자치도,동해시,202606,1003
강원특별자치도,삼척시,202606,1651
강원특별자치도,속초시,202606,1940
강원특별자치도,양구군,202606,642
강원특별자치도,양양군,202606,530
강원특별자치도,영월군,202606,728
강원특별자치도,원주시,202606,5792
강원특별자치도,인제군,202606,1448
강원특별자치도,정선군,202606,939
강원특별자치도,철원군,202606,2041
강원특별자치도,춘천시,202606,5736
강원특별자치도,태백시,202606,717
강원특별자치도,평창군,202606,1828
강원특별자치도,홍천군,202606,2606
강원특별자치도,화천군,202606,681
강원특별자치도,횡성군,202606,2652
경기도,가평군,202606,1400
경기도,고양시 덕양구,202606,5953
경기도,고양시 일산동구,202606,4864
경기도,고양시 일산서구,202606,3664
경기도,과천시,202606,266
경기도,광명시,202606,2948
경기도,광주시,202606,15359
경기도,구리시,202606,1774
경기도,군포시,202606,5664
경기도,김포시,202606,26209
경기도,남양주시,202606,10147
경기도,동두천시,202606,4433
경기도,부천시 소사구,202606,11987
경기도,부천시 오정구,202606,3429
경기도,부천시 원미구,202606,15982
경기도,성남시 분당구,202606,3045
경기도,성남시 수정구,202606,11859
경기도,성남시 중원구,202606,2715
경기도,수원시 권선구,202606,10050
경기도,수원시 영통구,202606,9455
경기도,수원시 장안구,202606,7585
경기도,수원시 팔달구,202606,11723
경기도,시흥시,202606,39230
경기도,안산시 단원구,202606,34135
경기도,안산시 상록구,202606,15375
경기도,안성시,202606,15416
경기도,안양시 동안구,202606,1886
경기도,안양시 만안구,202606,5256
경기도,양주시,202606,10728
경기도,양평군,202606,2083
경기도,여주시,202606,6588
경기도,연천군,202606,1863
경기도,오산시,202606,11232
경기도,용인시 기흥구,202606,5657
경기도,용인시 수지구,202606,3162
경기도,용인시 처인구,202606,12358
경기도,의왕시,202606,1105
경기도,의정부시,202606,8467
경기도,이천시,202606,11824
경기도,파주시,202606,16817
경기도,평택시,202606,36890
경기도,포천시,202606,17069
경기도,하남시,202606,2582
경기도,화성시 동탄구,202606,3399
경기도,화성시 만세구,202606,40479
경기도,화성시 병점구,202606,3452
경기도,화성시 효행구,202606,7782
경상남도,거제시,202606,16569
경상남도,거창군,202606,1223
경상남도,고성군,202606,2112
경상남도,김해시,202606,27967
경상남도,남해군,202606,1149
경상남도,밀양시,202606,5976
경상남도,사천시,202606,4156
경상남도,산청군,202606,1188
경상남도,양산시,202606,9868
경상남도,의령군,202606,978
경상남도,진주시,202606,7099
경상남도,창녕군,202606,3712
경상남도,창원시 마산합포구,202606,2802
경상남도,창원시 마산회원구,202606,3086
경상남도,창원시 성산구,202606,4762
경상남도,창원시 의창구,202606,4046
경상남도,창원시 진해구,202606,5549
경상남도,통영시,202606,5062
경상남도,하동군,202606,1039
경상남도,함안군,202606,5435
경상남도,함양군,202606,787
경상남도,합천군,202606,1246
경상북도,경산시,202606,22971
경상북도,경주시,202606,15564
경상북도,고령군,202606,2894
경상북도,구미시,202606,8136
경상북도,김천시,202606,4890
경상북도,문경시,202606,1621
경상북도,봉화군,202606,1087
경상북도,상주시,202606,3406
경상북도,성주군,202606,4247
경상북도,안동시,202606,2783
경상북도,영덕군,202606,1327
경상북도,영양군,202606,848
경상북도,영주시,202606,2184
경상북도,영천시,202606,4619
경상북도,예천군,202606,842
경상북도,울릉군,202606,152
경상북도,울진군,202606,1792
경상북도,의성군,202606,1486
경상북도,청도군,202606,1291
경상북도,청송군,202606,844
경상북도,칠곡군,202606,6195
경상북도,포항시 남구,202606,4182
경상북도,포항시 북구,202606,3416
광주광역시,광산구,202606,16574
광주광역시,남구,202606,1739
광주광역시,동구,202606,1920
광주광역시,북구,202606,6002
광주광역시,서구,202606,3034
대구광역시,군위군,202606,713
대구광역시,남구,202606,2551
대구광역시,달서구,202606,14067
대구광역시,달성군,202606,8339
대구광역시,동구,202606,2119
대구광역시,북구,202606,7562
대구광역시,서구,202606,2947
대구광역시,수성구,202606,1764
대구광역시,중구,202606,986
대전광역시,대덕구,202606,3774
대전광역시,동구,202606,7797
대전광역시,서구,202606,6434
대전광역시,유성구,202606,9393
대전광역시,중구,202606,1693
부산광역시,강서구,202606,7357
부산광역시,금정구,202606,5372
부산광역시,기장군,202606,3317
부산광역시,남구,202606,8494
부산광역시,동구,202606,2012
부산광역시,동래구,202606,1119
부산광역시,부산진구,202606,4025
부산광역시,북구,202606,2500
부산광역시,사상구,202606,8075
부산광역시,사하구,202606,5564
부산광역시,서구,202606,3333
부산광역시,수영구,202606,2060
부산광역시,연제구,202606,1074
부산광역시,영도구,202606,2450
부산광역시,중구,202606,2564
부산광역시,해운대구,202606,4841
서울특별시,강남구,202606,6163
서울특별시,강동구,202606,4810
서울특별시,강북구,202606,7394
서울특별시,강서구,202606,6637
서울특별시,관악구,202606,19792
서울특별시,광진구,202606,17722
서울특별시,구로구,202606,22026
서울특별시,금천구,202606,12848
서울특별시,노원구,202606,5456
서울특별시,도봉구,202606,3232
서울특별시,동대문구,202606,20687
서울특별시,동작구,202606,12205
서울특별시,마포구,202606,11300
서울특별시,서대문구,202606,16062
서울특별시,서초구,202606,4927
서울특별시,성동구,202606,8090
서울특별시,성북구,202606,14709
서울특별시,송파구,202606,6202
서울특별시,양천구,202606,3318
서울특별시,영등포구,202606,21445
서울특별시,용산구,202606,12325
서울특별시,은평구,202606,4533
서울특별시,종로구,202606,11513
서울특별시,중구,202606,10261
서울특별시,중랑구,202606,7001
세종특별자치시,값없음,202606,6692
울산광역시,남구,202606,4969
울산광역시,동구,202606,11172
울산광역시,북구,202606,3021
울산광역시,울주군,202606,9229
울산광역시,중구,202606,1807
인천광역시,강화군,202606,1336
인천광역시,계양구,202606,3985
인천광역시,남동구,202606,13931
인천광역시,동구,202606,1059
인천광역시,미추홀구,202606,14806
인천광역시,부평구,202606,17740
인천광역시,서구,202606,16790
인천광역시,연수구,202606,18629
인천광역시,옹진군,202606,749
인천광역시,중구,202606,5803
전라남도,강진군,202606,822
전라남도,고흥군,202606,2948
전라남도,곡성군,202606,782
전라남도,광양시,202606,2359
전라남도,구례군,202606,233
전라남도,나주시,202606,6220
전라남도,담양군,202606,1418
전라남도,목포시,202606,5047
전라남도,무안군,202606,3518
전라남도,보성군,202606,1606
전라남도,순천시,202606,3962
전라남도,신안군,202606,2063
전라남도,여수시,202606,7356
전라남도,영광군,202606,1571
전라남도,영암군,202606,11288
전라남도,완도군,202606,5620
전라남도,장성군,202606,1566
전라남도,장흥군,202606,1291
전라남도,진도군,202606,3192
전라남도,함평군,202606,1435
전라남도,해남군,202606,4654
전라남도,화순군,202606,1382
전라북도,고창군,202606,1
전북특별자치도,고창군,202606,3724
전북특별자치도,군산시,202606,10407
전북특별자치도,김제시,202606,4127
전북특별자치도,남원시,202606,1652
전북특별자치도,무주군,202606,1027
전북특별자치도,부안군,202606,1749
전북특별자치도,순창군,202606,673
전북특별자치도,완주군,202606,5191
전북특별자치도,익산시,202606,8295
전북특별자치도,임실군,202606,691
전북특별자치도,장수군,202606,754
전북특별자치도,전주시 덕진구,202606,6959
전북특별자치도,전주시 완산구,202606,5350
전북특별자치도,정읍시,202606,4264
전북특별자치도,진안군,202606,1128
제주특별자치도,서귀포시,202606,9838
제주특별자치도,제주시,202606,18638
충청남도,계룡시,202606,280
충청남도,공주시,202606,3729
충청남도,금산군,202606,4123
충청남도,논산시,202606,8101
충청남도,당진시,202606,9625
충청남도,보령시,202606,5107
충청남도,부여군,202606,2483
충청남도,서산시,202606,6645
충청남도,서천군,202606,2417
충청남도,아산시,202606,25268
충청남도,예산군,202606,4968
충청남도,천안시 동남구,202606,12386
충청남도,천안시 서북구,202606,18783
충청남도,청양군,202606,1558
충청남도,태안군,202606,2606
충청남도,홍성군,202606,4508
충청북도,괴산군,202606,2084
충청북도,단양군,202606,638
충청북도,보은군,202606,1273
충청북도,영동군,202606,1617
충청북도,옥천군,202606,1867
충청북도,음성군,202606,16236
충청북도,제천시,202606,3949
충청북도,증평군,202606,1511
충청북도,진천군,202606,9648
충청북도,청주시 상당구,202606,1703
충청북도,청주시 서원구,202606,4511
충청북도,청주시 청원구,202606,7704
충청북도,청주시 흥덕구,202606,7913
충청북도,충주시,202606,7144
